id,store code,quantity,price,sale price,availability
gla_17262,1010,10,2775.00 CAD,2000.00 CAD,in_stock
gla_22122,1010,10,49.05 CAD,,in_stock
gla_473,1010,10,15.00 CAD,,in_stock
gla_20241,1010,10,10.00 CAD,,in_stock
gla_428,1010,10,225.00 CAD,162.50 CAD,in_stock
gla_19314,1010,10,200.00 CAD,,in_stock
gla_1000,1010,10,250.00 CAD,162.00 CAD,in_stock
gla_18329,1010,10,550.00 CAD,,in_stock
gla_1705,1010,10,263.20 CAD,175.00 CAD,in_stock
gla_332,1010,10,150.53 CAD,129.00 CAD,in_stock
gla_470,1010,10,35.00 CAD,,in_stock
gla_275,1010,10,10.00 CAD,,in_stock
gla_1075,1010,10,10.00 CAD,5.00 CAD,in_stock
gla_22712,1010,10,50.00 CAD,47.99 CAD,in_stock
gla_22664,1010,10,80.00 CAD,76.09 CAD,in_stock
gla_18331,1010,10,495.00 CAD,,in_stock
gla_281,1010,10,25.00 CAD,,in_stock
gla_17354,1010,10,330.00 CAD,320.00 CAD,in_stock
gla_1064,1010,10,10.00 CAD,,in_stock
gla_262,1010,10,100.00 CAD,95.00 CAD,in_stock
gla_1005,1010,10,250.00 CAD,230.00 CAD,in_stock
gla_22688,1010,10,21.75 CAD,,in_stock
gla_21251,1010,10,40.00 CAD,35.50 CAD,in_stock
gla_992,1010,10,110.00 CAD,75.00 CAD,in_stock
gla_266,1010,10,69.35 CAD,40.75 CAD,in_stock
gla_22678,1010,10,55.10 CAD,,in_stock
gla_1073,1010,10,5.00 CAD,,in_stock
gla_22705,1010,10,110.00 CAD,99.00 CAD,in_stock
gla_17332,1010,10,440.00 CAD,372.50 CAD,in_stock
gla_22020,1010,10,126.75 CAD,,in_stock
gla_20263,1010,10,40.00 CAD,24.35 CAD,in_stock
gla_1058,1010,10,245.00 CAD,,in_stock
gla_467,1010,10,65.00 CAD,,in_stock
gla_475,1010,10,15.00 CAD,,in_stock
gla_16957,1010,10,495.00 CAD,,in_stock
gla_21237,1010,10,200.00 CAD,,in_stock
gla_270,1010,10,147.90 CAD,79.95 CAD,in_stock
gla_21244,1010,10,76.00 CAD,73.00 CAD,in_stock
gla_1399,1010,10,85.00 CAD,,in_stock
gla_22714,1010,10,50.00 CAD,47.23 CAD,in_stock
gla_292,1010,10,185.00 CAD,150.00 CAD,in_stock
gla_477,1010,10,36.95 CAD,,in_stock
gla_18344,1010,10,150.00 CAD,,in_stock
gla_20211,1010,10,155.00 CAD,113.00 CAD,in_stock
gla_22668,1010,10,120.00 CAD,85.00 CAD,in_stock
gla_481,1010,10,85.00 CAD,,in_stock
gla_460,1010,10,95.00 CAD,,in_stock
gla_973,1010,10,91.60 CAD,78.00 CAD,in_stock
gla_345,1010,10,22.99 CAD,20.50 CAD,in_stock
gla_396,1010,10,41.00 CAD,,in_stock
gla_22657,1010,10,74.12 CAD,,in_stock
gla_19317,1010,10,200.00 CAD,,in_stock
22178,1010,10,56.97 CAD,45.49 CAD,in_stock
gla_1036,1010,10,170.00 CAD,141.00 CAD,in_stock
gla_20268,1010,10,126.00 CAD,56.00 CAD,in_stock
gla_349,1010,10,178.00 CAD,148.00 CAD,in_stock
gla_248,1010,10,480.00 CAD,333.65 CAD,in_stock
gla_17226,1010,10,204.00 CAD,,in_stock
gla_1152,1010,10,76.40 CAD,63.99 CAD,in_stock
gla_22720,1010,10,300.00 CAD,120.00 CAD,in_stock
gla_341,1010,10,59.00 CAD,52.80 CAD,in_stock
gla_20188,1010,10,40.00 CAD,24.35 CAD,in_stock
gla_430,1010,10,136.89 CAD,,in_stock
gla_1029,1010,10,65.00 CAD,59.00 CAD,in_stock
gla_17541,1010,10,12.00 CAD,,in_stock
gla_1054,1010,10,33.99 CAD,,in_stock
gla_22673,1010,10,42.13 CAD,,in_stock
gla_424,1010,10,23.01 CAD,,in_stock
gla_400,1010,10,55.00 CAD,,in_stock
gla_279,1010,10,300.00 CAD,235.00 CAD,in_stock
gla_20224,1010,10,190.00 CAD,157.00 CAD,in_stock
gla_1007,1010,10,250.00 CAD,230.00 CAD,in_stock
gla_22617,1010,10,60.00 CAD,54.99 CAD,in_stock
gla_20243,1010,10,10.00 CAD,,in_stock
gla_990,1010,10,575.00 CAD,428.00 CAD,in_stock
gla_246,1010,10,280.00 CAD,265.00 CAD,in_stock
gla_1397,1010,10,85.00 CAD,,in_stock
gla_17277,1010,10,150.00 CAD,,in_stock
gla_459,1010,10,550.00 CAD,,in_stock
gla_1032,1010,10,125.00 CAD,77.25 CAD,in_stock
gla_17322,1010,10,360.00 CAD,297.00 CAD,in_stock
gla_22702,1010,10,750.00 CAD,703.73 CAD,in_stock
gla_479,1010,10,48.45 CAD,,in_stock
gla_19014,1010,10,95.00 CAD,65.00 CAD,in_stock
gla_22713,1010,10,100.00 CAD,65.00 CAD,in_stock
gla_288,1010,10,94.05 CAD,,in_stock
gla_17268,1010,10,90.00 CAD,,in_stock
gla_1050,1010,10,10.00 CAD,,in_stock
gla_21309,1010,10,45.00 CAD,,in_stock
gla_18873,1010,10,173.31 CAD,115.54 CAD,in_stock
gla_19006,1010,10,685.00 CAD,619.00 CAD,in_stock
gla_324,1010,10,14.00 CAD,5.00 CAD,in_stock
gla_229,1010,10,89.00 CAD,75.50 CAD,in_stock
gla_283,1010,10,15.00 CAD,,in_stock
gla_439,1010,10,50.00 CAD,,in_stock
gla_1386,1010,10,35.00 CAD,,in_stock
gla_22016,1010,10,85.54 CAD,,in_stock
gla_230,1010,10,145.00 CAD,113.50 CAD,in_stock
gla_20280,1010,10,1500.00 CAD,1050.00 CAD,in_stock
gla_17530,1010,10,80.58 CAD,69.00 CAD,in_stock
gla_22018,1010,10,150.65 CAD,,in_stock
gla_1044,1010,10,35.00 CAD,,in_stock
gla_21236,1010,10,200.00 CAD,,in_stock
gla_21873,1010,10,245.00 CAD,,in_stock
gla_1401,1010,10,85.00 CAD,,in_stock
gla_22695,1010,10,25.00 CAD,,in_stock
gla_382,1010,10,158.00 CAD,,in_stock
gla_445,1010,10,5.50 CAD,5.00 CAD,in_stock
gla_21238,1010,10,130.00 CAD,125.95 CAD,in_stock
gla_20207,1010,10,100.00 CAD,73.00 CAD,in_stock
gla_17275,1010,10,95.00 CAD,,in_stock
gla_264,1010,10,87.50 CAD,51.25 CAD,in_stock
gla_22703,1010,10,320.00 CAD,306.99 CAD,in_stock
gla_1689,1010,10,145.50 CAD,84.00 CAD,in_stock
gla_404,1010,10,29.00 CAD,,in_stock
gla_465,1010,10,85.00 CAD,,in_stock
gla_22022,1010,10,312.57 CAD,,in_stock
gla_19315,1010,10,200.00 CAD,,in_stock
gla_471,1010,10,120.00 CAD,,in_stock
gla_1015,1010,10,69.67 CAD,58.00 CAD,in_stock
gla_1252,1010,10,78.62 CAD,56.15 CAD,in_stock
gla_21240,1010,10,200.00 CAD,,in_stock
gla_21249,1010,10,200.00 CAD,,in_stock
gla_334,1010,10,20.00 CAD,10.55 CAD,in_stock
gla_17544,1010,10,7.00 CAD,,in_stock
gla_20229,1010,10,255.00 CAD,214.00 CAD,in_stock
gla_20202,1010,10,100.00 CAD,73.00 CAD,in_stock
gla_543,1010,10,165.00 CAD,,in_stock
gla_1072,1010,10,25.00 CAD,20.00 CAD,in_stock
gla_483,1010,10,120.00 CAD,,in_stock
gla_22034,1010,10,91.10 CAD,,in_stock
gla_244,1010,10,290.00 CAD,264.80 CAD,in_stock
gla_351,1010,10,25.00 CAD,16.00 CAD,in_stock
gla_457,1010,10,133.50 CAD,,in_stock
gla_1382,1010,10,75.00 CAD,,in_stock
gla_1740,1010,10,95.27 CAD,,in_stock
gla_463,1010,10,48.00 CAD,24.35 CAD,in_stock
gla_1391,1010,10,45.00 CAD,,in_stock
gla_254,1010,10,150.00 CAD,135.00 CAD,in_stock
gla_19312,1010,10,250.00 CAD,162.00 CAD,in_stock
gla_20237,1010,10,10.00 CAD,,in_stock
gla_1052,1010,10,33.99 CAD,,in_stock
gla_347,1010,10,98.59 CAD,79.00 CAD,in_stock
gla_19253,1010,10,266.85 CAD,177.90 CAD,in_stock
gla_984,1010,10,193.28 CAD,160.00 CAD,in_stock
gla_241,1010,10,103.00 CAD,83.30 CAD,in_stock
gla_21254,1010,10,200.00 CAD,,in_stock
gla_389,1010,10,69.99 CAD,,in_stock
gla_19256,1010,10,390.54 CAD,260.36 CAD,in_stock
gla_1011,1010,10,418.75 CAD,350.00 CAD,in_stock
gla_433,1010,10,88.17 CAD,,in_stock
gla_996,1010,10,230.33 CAD,,in_stock
gla_20276,1010,10,780.00 CAD,748.50 CAD,in_stock
gla_16888,1010,10,895.00 CAD,886.50 CAD,in_stock
gla_387,1010,10,325.00 CAD,150.00 CAD,in_stock
gla_17335,1010,10,530.00 CAD,443.00 CAD,in_stock
gla_407,1010,10,33.00 CAD,,in_stock
gla_22694,1010,10,30.19 CAD,,in_stock
gla_20393,1010,10,1500.00 CAD,1100.00 CAD,in_stock
gla_22661,1010,10,136.50 CAD,110.00 CAD,in_stock
gla_975,1010,10,75.27 CAD,38.75 CAD,in_stock
gla_22692,1010,10,300.00 CAD,,in_stock
gla_1067,1010,10,10.00 CAD,,in_stock
gla_20239,1010,10,10.00 CAD,,in_stock
gla_18875,1010,10,1412.43 CAD,941.62 CAD,in_stock
gla_1056,1010,10,175.00 CAD,,in_stock
gla_20477,1010,10,2744.00 CAD,2500.00 CAD,in_stock
gla_22642,1010,10,300.00 CAD,165.59 CAD,in_stock
gla_17266,1010,10,85.00 CAD,,in_stock
gla_1009,1010,10,250.00 CAD,,in_stock
gla_1733,1010,10,45.00 CAD,,in_stock
gla_20252,1010,10,40.00 CAD,24.35 CAD,in_stock
gla_22648,1010,10,85.00 CAD,80.26 CAD,in_stock
gla_16950,1010,10,1985.00 CAD,1875.00 CAD,in_stock
gla_17535,1010,10,9.00 CAD,5.50 CAD,in_stock
gla_268,1010,10,403.00 CAD,275.00 CAD,in_stock
gla_18866,1010,10,450.00 CAD,390.00 CAD,in_stock
gla_986,1010,10,650.00 CAD,625.00 CAD,in_stock
gla_1388,1010,10,45.00 CAD,,in_stock
gla_22012,1010,10,78.45 CAD,,in_stock
gla_285,1010,10,92.23 CAD,,in_stock
gla_19630,1010,10,350.00 CAD,325.00 CAD,in_stock
gla_1735,1010,10,45.00 CAD,,in_stock
gla_18877,1010,10,650.80 CAD,520.50 CAD,in_stock
gla_1070,1010,10,69.15 CAD,,in_stock
gla_18333,1010,10,133.50 CAD,,in_stock
gla_994,1010,10,212.50 CAD,,in_stock
gla_22670,1010,10,117.60 CAD,,in_stock
gla_1065,1010,10,10.00 CAD,,in_stock
gla_328,1010,10,131.88 CAD,119.00 CAD,in_stock
gla_1703,1010,10,52.00 CAD,37.00 CAD,in_stock
gla_326,1010,10,20.00 CAD,15.00 CAD,in_stock
gla_405,1010,10,25.00 CAD,,in_stock
gla_19004,1010,10,2200.00 CAD,2031.00 CAD,in_stock
gla_1034,1010,10,252.00 CAD,220.00 CAD,in_stock
gla_1406,1010,10,120.00 CAD,,in_stock
gla_17246,1010,10,30.00 CAD,,in_stock
gla_22629,1010,10,110.00 CAD,99.99 CAD,in_stock
gla_22032,1010,10,979.80 CAD,596.00 CAD,in_stock
gla_392,1010,10,35.00 CAD,,in_stock
gla_21246,1010,10,200.00 CAD,,in_stock
gla_970,1010,10,80.58 CAD,77.99 CAD,in_stock
gla_443,1010,10,109.76 CAD,,in_stock
p4010acledsca,1010,10,250.00 CAD,125.00 CAD,in_stock
gla_290,1010,10,102.00 CAD,67.00 CAD,in_stock
gla_422,1010,10,10.00 CAD,,in_stock
gla_252,1010,10,805.00 CAD,755.00 CAD,in_stock
gla_1027,1010,10,198.50 CAD,143.75 CAD,in_stock
gla_354,1010,10,57.00 CAD,45.00 CAD,in_stock
gla_22613,1010,10,80.00 CAD,76.63 CAD,in_stock
gla_420,1010,10,32.00 CAD,29.00 CAD,in_stock
gla_222,1010,10,84.50 CAD,70.65 CAD,in_stock
gla_330,1010,10,144.07 CAD,129.00 CAD,in_stock
gla_20208,1010,10,153.00 CAD,133.00 CAD,in_stock
gla_22014,1010,10,24.98 CAD,,in_stock
gla_17897,1010,10,290.00 CAD,265.00 CAD,in_stock
gla_398,1010,10,44.00 CAD,,in_stock
gla_22028,1010,10,97.04 CAD,,in_stock
gla_19005,1010,10,1400.00 CAD,1230.00 CAD,in_stock
gla_22024,1010,10,497.05 CAD,,in_stock
gla_235,1010,10,320.00 CAD,285.00 CAD,in_stock
gla_19316,1010,10,200.00 CAD,,in_stock
gla_22634,1010,10,300.00 CAD,119.00 CAD,in_stock
gla_1008,1010,10,250.00 CAD,230.00 CAD,in_stock
gla_385,1010,10,147.00 CAD,,in_stock
gla_17255,1010,10,475.00 CAD,420.00 CAD,in_stock
gla_22026,1010,10,780.00 CAD,693.00 CAD,in_stock
gla_19313,1010,10,200.00 CAD,,in_stock
gla_343,1010,10,59.00 CAD,52.80 CAD,in_stock
gla_22686,1010,10,25.00 CAD,,in_stock
gla_1038,1010,10,38.55 CAD,,in_stock
gla_381,1010,10,75.00 CAD,,in_stock
gla_250,1010,10,1400.00 CAD,1395.00 CAD,in_stock
gla_22666,1010,10,170.00 CAD,140.00 CAD,in_stock
gla_16890,1010,10,1700.00 CAD,1330.00 CAD,in_stock
gla_17260,1010,10,500.00 CAD,450.00 CAD,in_stock
gla_19009,1010,10,95.00 CAD,65.00 CAD,in_stock
gla_22675,1010,10,300.00 CAD,,in_stock
gla_312,1010,10,26.90 CAD,,in_stock
gla_22704,1010,10,175.00 CAD,167.99 CAD,in_stock
gla_22690,1010,10,41.67 CAD,,in_stock
gla_1233,1010,10,31.45 CAD,,in_stock
gla_394,1010,10,99.00 CAD,,in_stock
gla_20209,1010,10,153.00 CAD,133.00 CAD,in_stock
gla_22030,1010,10,786.35 CAD,479.00 CAD,in_stock
gla_22646,1010,10,80.00 CAD,71.98 CAD,in_stock
gla_22654,1010,10,80.00 CAD,76.09 CAD,in_stock
gla_17273,1010,10,285.00 CAD,194.75 CAD,in_stock
gla_233,1010,10,499.00 CAD,271.80 CAD,in_stock
gla_1003,1010,10,250.00 CAD,230.00 CAD,in_stock
gla_1031,1010,10,51.00 CAD,49.00 CAD,in_stock
gla_260,1010,10,820.00 CAD,790.00 CAD,in_stock
gla_22682,1010,10,35.00 CAD,32.68 CAD,in_stock
gla_21247,1010,10,45.00 CAD,38.50 CAD,in_stock
gla_17249,1010,10,185.00 CAD,126.40 CAD,in_stock
gla_22659,1010,10,97.40 CAD,,in_stock
gla_17717,1010,10,6.00 CAD,,in_stock
gla_19002,1010,10,475.00 CAD,439.00 CAD,in_stock
