GLA Code (GMC id),WC Product ID,WC SKU,Match Method,GMC Title,WC Name,Brand,WC Categories,GTIN/UPC,GMC Price,GMC Sale Price,WC Regular Price,WC Sale Price,GMC Availability,WC In Stock?,WC Published,GMC Link
gla_17262,17262,551,id,Amerex 551 HT Series | 12.5 lb Halotron BrX | Clean Agent Fire Extinguisher with Hose | 2A:10BC,Amerex 551 HT Series | 12.5 lb Halotron BrX | Clean Agent Fire Extinguisher with Hose | 2A:10BC,Amerex,"Fire Extinguishers > Amerex, Fire Extinguishers",,2775.00 CAD,2000.00 CAD,2775,2000,in stock,1,1,https://teslafiresystems.com/product/amerex-551-12-5-lbs-halotron-brx-clean-agent/
gla_22122,22122,T-CDT,id,Solo C6 - Carbon Monoxide (CO) Detector Tester,Solo C6 - Carbon Monoxide (CO) Detector Tester,TESLA FIRE SYSTEMS,Smoke & Carbon Monoxide Alarm Products,,49.05 CAD,,49.05,,in stock,1,1,https://teslafiresystems.com/product/solo-c6-smoke-detector-tester/
gla_473,473,MP-300,id,Microm MP-300 EOL Resistor Plate- White 3.9K 1/2 WATT,Microm MP-300 EOL Resistor Plate- White 3.9K 1/2 WATT,Mircom,Fire Alarm System Products,,15.00 CAD,,15,,in stock,1,1,https://teslafiresystems.com/product/mircom-mp-300-eol-resistor-plate-white-3-9k-1-2-watt/
gla_20241,20241,,id,Fire Door Keep Closed Sign | Fire Rated Door Safety Sign,Fire Door Keep Closed Sign | Fire Rated Door Safety Sign,,Signs,,10.00 CAD,,10,,in stock,1,1,https://teslafiresystems.com/product/fire-door-keep-closed-sign-fire-rated-door-safety-sign/
gla_428,428,468094-428,id,Kidde 3 Storey Escape Ladder,Kidde 3 Storey Escape Ladder,Kidde,Fire Protection Products,047871680948,225.00 CAD,162.50 CAD,225,162.50,in stock,1,1,https://teslafiresystems.com/product/3-story-escape-ladder/
gla_19314,19314,C-15,id,"Heavy-Duty Single Hook Spanner & Hydrant Wrench - For Fire Hose Couplings, Hydrants & Valves","Heavy-Duty Single Hook Spanner & Hydrant Wrench - For Fire Hose Couplings, Hydrants & Valves",,Sprinklers & Hoses,,200.00 CAD,,200,,in stock,1,1,https://teslafiresystems.com/product/heavy-duty-single-hook-spanner-hydrant-wrench-for-fire-hose-couplings-hydrants-valves/
gla_1000,1000,OSY2A,id,System Sensor OSY2A | Outside Screw & Yoke - Valve Supervisory Switch with Mounting Bracket | ULC/FM Approved - NEMA 3R Rated,System Sensor OSY2A | Outside Screw & Yoke - Valve Supervisory Switch with Mounting Bracket | ULC/FM Approved - NEMA 3R Rated,System Sensor,Sprinklers & Hoses,670875920477,250.00 CAD,162.00 CAD,250,162,in stock,1,1,https://teslafiresystems.com/product/system-sensor-osy2a-osy-valve-supervisory-switch/
gla_18329,18329,TFSPB-SS-1-ND,id,Stainless Steel Fire Safety Plan Box | No Decal,Stainless Steel Fire Safety Plan Box | No Decal,TESLA FIRE SYSTEMS,Fire Safety Plan Boxes,,550.00 CAD,,550.00,,in stock,1,1,https://teslafiresystems.com/product/stainless-steel-fire-safety-plan-box-no-decal/
gla_1705,1705,RQ-4JDK-3UEX,id,Strike First SF1020 | 20lb ABC | UL/ULC & USCG Approved | Industrial,Strike First SF1020 | 20lb ABC | UL/ULC & USCG Approved | Industrial,Strike First,"Fire Extinguishers, Fire Extinguishers > Strike First",200,263.20 CAD,175.00 CAD,263.20,175,in stock,1,1,https://teslafiresystems.com/product/strike-first-sf-abc-1020-20lbs-ul-ulc-uscg-approved-industrial/
gla_332,332,15PARAP-100CB,id,"1-1/2"" x 100' Single Jacket Fire Hose - Designed to be Clipped on a Swing Rack","1-1/2"" x 100' Single Jacket Fire Hose - Designed to be Clipped on a Swing Rack",,Sprinklers & Hoses,,150.53 CAD,129.00 CAD,150.53,129,in stock,1,1,https://teslafiresystems.com/product/1-1-2-x-100-fire-hose-designed-to-be-clipped-on-a-swing-rack/
gla_470,470,,id,Mircom MH-25W - Mini Horn (White),Mircom MH-25W - Mini Horn (White),,Fire Alarm System Products,,35.00 CAD,,35,,in stock,1,1,https://teslafiresystems.com/product/mircom-mini-horn/
gla_275,275,6L-K-275,id,Amerex Wall Bracket - 6L K Class,Amerex Wall Bracket - 6L K Class,,"Fire Extinguishers > Fire Extinguisher Accessories, Fire Extinguishers",,10.00 CAD,,10,,in stock,1,1,https://teslafiresystems.com/product/type-k-fire-extinguisher-wall-bracket/
gla_1075,1075,S10,id,"SINGLE STAGE ALARM PULL STATION LABEL - ""DO NOT USE ELEVATOR""","SINGLE STAGE ALARM PULL STATION LABEL - ""DO NOT USE ELEVATOR""",TESLA FIRE SYSTEMS,Fire Protection Products,683,10.00 CAD,5.00 CAD,10,5,in stock,1,1,https://teslafiresystems.com/product/in-case-of-fire-single-stage-alarm-sign-no-elevator/
gla_22712,22712,,id,El-7006 Twin Spot LED Emergency Light,El-7006 Twin Spot LED Emergency Light,,Exit & Emergency Lighting,,50.00 CAD,47.99 CAD,50,47.99,in stock,1,1,https://teslafiresystems.com/product/el-7006-twin-spot-led-emergency-light/
gla_22664,22664,,id,El-7008ra Aluminum LED Edge-lit Exit Sign,El-7008ra Aluminum LED Edge-lit Exit Sign,,Exit & Emergency Lighting,,80.00 CAD,76.09 CAD,80,76.09,in stock,1,1,https://teslafiresystems.com/product/el-7008ra-aluminum-led-edge-lit-exit-sign/
gla_18331,18331,TFSPB-SSWD-2,id,Stainless Steel Fire Safety Plan Box | Plain,Stainless Steel Fire Safety Plan Box | Plain,TESLA FIRE SYSTEMS,Fire Safety Plan Boxes,3342,495.00 CAD,,495.00,,in stock,1,1,https://teslafiresystems.com/product/stainless-steel-fire-safety-plan-box-plain/
gla_281,281,5-818-281,id,Amerex Vehicle Bracket - 5lb ABC (818),Amerex Vehicle Bracket - 5lb ABC (818),Amerex,"Fire Extinguishers > Fire Extinguisher Accessories, Fire Extinguishers",,25.00 CAD,,25,,in stock,1,1,https://teslafiresystems.com/product/5lb-fire-extinguisher-vehicle-bracket-amerex-818/
gla_17354,17354,SF-10CO2A,id,Strike First 10lb CO2 | UL/ULC Approved | USCG Approved,Strike First 10lb CO2 | UL/ULC Approved | USCG Approved,Strike First,"Fire Extinguishers, Fire Extinguishers > Strike First",002100,330.00 CAD,320.00 CAD,330,320,in stock,1,1,https://teslafiresystems.com/product/strike-first-10lb-co2-ul-ulc-approved-uscg-approved/
gla_1064,1064,01521-1064,id,Amerex Wall Bracket - 2.5lb / 5lb ABC,Amerex Wall Bracket - 2.5lb / 5lb ABC,Amerex,"Fire Extinguishers > Fire Extinguisher Accessories, Fire Extinguishers",801,10.00 CAD,,10,,in stock,1,1,https://teslafiresystems.com/product/universal-fire-extinguisher-wall-hook-mount-bracket-hanger-for-5-lb-extinguisher-free-screw-washer-included/
gla_262,262,B500TX,id,Amerex B500TX | 5 lb ABC | Dry Chemical Fire Extinguisher with Vehicle Bracket | 3A 10B:C,Amerex B500TX | 5 lb ABC | Dry Chemical Fire Extinguisher with Vehicle Bracket | 3A 10B:C,Amerex,"Fire Extinguishers > Amerex, Fire Extinguishers",850026795257,100.00 CAD,95.00 CAD,100,95,in stock,1,1,https://teslafiresystems.com/product/amerex-b500tx-5-lb-abc-fire-extinguisher-with-vehicle-bracket-3a-10bc/
gla_1005,1005,WFD25N,id,"System Sensor WFD25 | Waterflow Detector for 2½"" Steel Sprinkler Pipe | NEMA 4 Rated - UL/FM Approved","System Sensor WFD25 | Waterflow Detector for 2½"" Steel Sprinkler Pipe | NEMA 4 Rated - UL/FM Approved",System Sensor,Sprinklers & Hoses,783850025168,250.00 CAD,230.00 CAD,250,230,in stock,1,1,https://teslafiresystems.com/product/system-sensor-wfd25-waterflow-detector-2-5-inch/
gla_22688,22688,,id,El-7030a5 Universal Single 5w LED Remote Head (3.6-24v),El-7030a5 Universal Single 5w LED Remote Head (3.6-24v),,Exit & Emergency Lighting,,21.75 CAD,,21.75,,in stock,1,1,https://teslafiresystems.com/product/el-7030a5-universal-single-5w-led-remote-head-3-6-24v/
gla_21251,21251,SM601A,id,BRK SM601A Battery Operated Smoke Alarm,BRK SM601A Battery Operated Smoke Alarm,BRK,Smoke Alarms,,40.00 CAD,35.50 CAD,40,35.50,in stock,1,1,https://teslafiresystems.com/product/brk-smi100-battery-operated-smoke-alarm/
gla_992,992,SF340-VB,id,Strike First SF340 I 5lb 3A40B:C I UL/ULC & USCG Approved I Mixed Use w/ Vehicle Bracket,Strike First SF340 I 5lb 3A40B:C I UL/ULC &amp; USCG Approved I Mixed Use w/ Vehicle Bracket,Strike First,"Fire Extinguishers, Fire Extinguishers > Strike First",0506,110.00 CAD,75.00 CAD,110.00,75.00,in stock,1,1,https://teslafiresystems.com/product/strike-first-sf340-5lbs-ul-ulc-uscg-approved-mixed-use/
gla_266,266,SF-110ST,id,Strike First SF110ST | Compact 2.5lb ABC I UL/ULC & USCG Approved,Strike First SF110ST | Compact 2.5lb ABC I UL/ULC & USCG Approved,Strike First,"Fire Extinguishers, Fire Extinguishers > Strike First",0251,69.35 CAD,40.75 CAD,69.35,40.75,in stock,1,1,https://teslafiresystems.com/product/strike-first-compact-sf110st-2-5lbs-ul-ulc-uscg-approved/
gla_22678,22678,,id,EL-7007RX/GX LED EMERGENCY EXIT SIGN,EL-7007RX/GX LED EMERGENCY EXIT SIGN,,Exit & Emergency Lighting,,55.10 CAD,,55.10,,in stock,1,1,https://teslafiresystems.com/product/el-7007rx-gx-led-emergency-exit-sign/
gla_1073,1073,2S30,id,"2 STAGE ALARM PULL STATION LABEL - ""DO NOT USE ELEVATOR""","2 STAGE ALARM PULL STATION LABEL - ""DO NOT USE ELEVATOR""",TESLA FIRE SYSTEMS,Fire Protection Products,788,5.00 CAD,,5,,in stock,1,1,https://teslafiresystems.com/product/in-case-of-fire-single-stage-alarm-sign-w-elevator/
gla_22705,22705,,id,El-7061s Emergency Battery Backup Unit,El-7061s Emergency Battery Backup Unit,,Exit & Emergency Lighting,,110.00 CAD,99.00 CAD,110,99,in stock,1,1,https://teslafiresystems.com/product/el-7061s-emergency-battery-backup-unit/
gla_17332,17332,B500X5,id,Amerex B500X | 5 lb ABC | Dry Chemical Fire Extinguisher with Wall Bracket | 5 Pack - 3A 10B:C,Amerex B500X | 5 lb ABC | Dry Chemical Fire Extinguisher with Wall Bracket  | 5 Pack - 3A 10B:C,Amerex,"Fire Extinguishers > Amerex, Fire Extinguishers",,440.00 CAD,372.50 CAD,440,372.50,in stock,1,1,https://teslafiresystems.com/product/amerex-b500x-5-pack-abc-fire-extinguishers-3a-10bc/
gla_22020,22020,B410T,id,Amerex B410T Purple K | 2.5 lb BC | Dry Chemical Fire Extinguisher with Vehicle Bracket | 10B:C,Amerex B410T Purple K | 2.5 lb BC | Dry Chemical Fire Extinguisher with Vehicle Bracket | 10B:C,AMEREX,Fire Extinguishers,,126.75 CAD,,126.75,,in stock,1,1,https://teslafiresystems.com/product/amerex-b410t-2-5-lb-purple-k-fire-extinguisher/
gla_20263,20263,5603A,id,System Sensor | 5603A Mechanical Heat Detector | 135°F (57°C) Fixed Temperature,System Sensor | 5603A Mechanical Heat Detector | 135°F (57°C) Fixed Temperature,System Sensor,Fire Alarm System Products,,40.00 CAD,24.35 CAD,40,24.35,in stock,1,1,https://teslafiresystems.com/product/system-sensor-5603a-mechanical-heat-detector-135f-57c-fixed-temperature/
gla_1058,1058,D4120-1058,id,System Sensor D4120 4-Wire Photoelectric Duct Smoke Detector,System Sensor D4120 4-Wire Photoelectric Duct Smoke Detector,System Sensor,"Fire Alarm System Products, Smoke & Carbon Monoxide Alarm Products",636836973722,245.00 CAD,,245,,in stock,1,1,https://teslafiresystems.com/product/system-sensor-d4120-innovairflex-4-wire-photoelectric-duct-smoke-detector/
gla_467,467,BL-6B-24V-6-467,id,"Mircom BL-6B - 24V 6"" Fire Alarm Bell","Mircom BL-6B - 24V 6"" Fire Alarm Bell",,Fire Alarm System Products,,65.00 CAD,,65,,in stock,1,1,https://teslafiresystems.com/product/mircom-6inch-bell/
gla_475,475,75000,id,Fire Alarm Circuit Breaker Lock Off,Fire Alarm Circuit Breaker Lock Off,Rack-A-Tiers,Fire Alarm System Products,,15.00 CAD,,15,,in stock,1,1,https://teslafiresystems.com/product/fire-alarm-circuit-breaker-lock-off/
gla_16957,16957,TFSPB-SS,id,Stainless Steel Fire Safety Plan Box,Stainless Steel Fire Safety Plan Box,TESLA FIRE SYSTEMS,Fire Safety Plan Boxes,334,495.00 CAD,,495.00,,in stock,1,1,https://teslafiresystems.com/product/stainless-steel-fire-safety-plan-box/
gla_21237,21237,1048322,id,"BRK SM110V-AC Hardwire Smoke Alarm with 10-Year Battery Backup, Voice & Location Alerts","BRK SM110V-AC Hardwire Smoke Alarm with 10-Year Battery Backup, Voice & Location Alerts",BRK,Smoke Alarms,,200.00 CAD,,200,,in stock,1,1,https://teslafiresystems.com/product/brk-sm110v-ac-hardwire-smoke-alarm-with-10-year-battery-backup-voice-location-alerts/
gla_270,270,SF680,id,Strike First SF680 I 10lb ABC I UL/ULC & USCG Approved I Multi-Purpose,Strike First SF680 I 10lb ABC I UL/ULC & USCG Approved I Multi-Purpose,Strike First,"Fire Extinguishers, Fire Extinguishers > Strike First",100680,147.90 CAD,79.95 CAD,147.90,79.95,in stock,1,1,https://teslafiresystems.com/product/multi-purpose-strike-first-sf680-10lbs-ul-ulc-uscg-approved/
gla_21244,21244,SC6W10A,id,BRK SC6W10A | Hardwired Ionization Smoke Alarm | [[10-Year Battery Backup]],BRK SC6W10A | Hardwired Ionization Smoke Alarm | [[10-Year Battery Backup]],BRK,Smoke Alarms,,76.00 CAD,73.00 CAD,76,73.00,in stock,1,1,https://teslafiresystems.com/product/brk-sc6w10a-ac-hardwired-smoke-alarm/
gla_1399,1399,FS-400-WW,id,Mircom FS-400-WW - Wall Mount Strobe (White),Mircom FS-400-WW - Wall Mount Strobe (White),MIRCOM,Fire Alarm System Products,808233242521,85.00 CAD,,85,,in stock,1,1,https://teslafiresystems.com/product/mircom-fs-400-ww-wall-mount-strobe-white/
gla_22714,22714,,id,El-7012 Compact Twin Spot LED Emergency Light,El-7012 Compact Twin Spot LED Emergency Light,,Exit & Emergency Lighting,,50.00 CAD,47.23 CAD,50,47.23,in stock,1,1,https://teslafiresystems.com/product/el-7012-compact-twin-spot-led-emergency-light/
gla_292,292,TFS-102RS,id,"5lb Semi-Recessed Fire Extinguisher Cabinet - White with Glass Door & 1"" Trim","5lb Semi-Recessed Fire Extinguisher Cabinet - White with Glass Door & 1"" Trim",The Williams Brothers Corporation,"Fire Extinguishers > Fire Extinguisher Accessories, Fire Extinguishers",013923164360,185.00 CAD,150.00 CAD,185,150,in stock,1,1,https://teslafiresystems.com/product/5lb-semi-recessed-fire-extinguisher-cabinet-white/
gla_477,477,DST 1.5,id,System Sensor DST1.5 – 1.5? Sampling Tube for Duct Smoke Detectors,System Sensor DST1.5 – 1.5? Sampling Tube for Duct Smoke Detectors,System Sensor,Fire Alarm System Products,783863035074,36.95 CAD,,36.95,,in stock,1,1,https://teslafiresystems.com/product/system-sensor-dst-1-5-1-5-ft-sampling-tube/
gla_18344,18344,TFSPB-W-1-nd,id,Fire Safety Plan Box | White | No Decal,Fire Safety Plan Box | White | No Decal,TESLA FIRE SYSTEMS,Fire Safety Plan Boxes,,150.00 CAD,,150,,in stock,1,1,https://teslafiresystems.com/product/fire-safety-plan-box-white-no-decal/
gla_20211,20211,C-104,id,20lb Surface Mounted Steel Fire Extinguisher Cabinet - White,20lb Surface Mounted Steel Fire Extinguisher Cabinet - White,The Williams Brother Corporation,Fire Extinguishers,047871680436,155.00 CAD,113.00 CAD,155,113,in stock,1,1,https://teslafiresystems.com/product/20lb-surface-mounted-steel-fire-extinguisher-cabinet/
gla_22668,22668,,id,EL-100SR STEEL LED EMERGENCY EXIT SIGN,EL-100SR STEEL LED EMERGENCY EXIT SIGN,,Exit & Emergency Lighting,,120.00 CAD,85.00 CAD,120,85,in stock,1,1,https://teslafiresystems.com/product/el-100sr-steel-led-emergency-exit-sign/
gla_481,481,'-481,id,Edwards Pullstation - 24VDC,Edwards Pullstation - 24VDC,Kidde,Fire Alarm System Products,,85.00 CAD,,85,,in stock,1,1,https://teslafiresystems.com/product/edwards-pullstation/
gla_460,460,c2w-ba-460,id,Mircom C2W-BA Smoke Detector 12/24 VDC,Mircom C2W-BA Smoke Detector 12/24 VDC,Mircom,Fire Alarm System Products,,95.00 CAD,,95,,in stock,1,1,https://teslafiresystems.com/product/mircom-c2w-ba-smoke-detector-12-24-vdc/
gla_973,973,21032774,id,Kidde DETECT - 120V Photoelectric Smoke + Carbon Monoxide Alarm w/ [[10 Year Battery Backup & Voice Alerts]](30CUA10-VCA),Kidde DETECT - 120V Photoelectric Smoke + Carbon Monoxide Alarm w/ [[10 Year Battery Backup & Voice Alerts]](30CUA10-VCA),Kidde,"Smoke & Carbon Monoxide Alarm Products > Kidde, Smoke & Carbon Monoxide Alarm Products",047871327744,91.60 CAD,78.00 CAD,91.60,78,in stock,1,1,https://teslafiresystems.com/product/kidde-detect-smoke-co-120v-w-10-year-sealed-battery-backup-voice-alerts/
gla_345,345,FN15,id,"Polycarbonate Fire Hose Fog Nozzle, 75 gpm, 1-1/2"" NPSH","Polycarbonate Fire Hose Fog Nozzle, 75 gpm, 1-1/2"" NPSH",,Sprinklers & Hoses,1575,22.99 CAD,20.50 CAD,22.99,20.50,in stock,1,1,https://teslafiresystems.com/product/moon-517-151-polycarbonate-fire-hose-spray-nozzle-75-gpm-1-1-2-npsh/
gla_396,396,STI-9742,id,Exit Light Guard,Exit Light Guard,STI-SAFETY TECHNOLOGY INTERNATIONAL,Exit & Emergency Lighting,9742,41.00 CAD,,41,,in stock,1,1,https://teslafiresystems.com/product/exit-light-guard/
gla_22657,22657,,id,El-7027br-nyc LED Emergency Exit Sign Combo With Adjustable Heads,El-7027br-nyc LED Emergency Exit Sign Combo With Adjustable Heads,,Exit & Emergency Lighting,,74.12 CAD,,74.12,,in stock,1,1,https://teslafiresystems.com/product/el-7027br-nyc-led-emergency-exit-sign-combo-with-adjustable-heads/
gla_19317,19317,,id,Fire Hose Cabinet Wrench – 1½?? & 2½?? Hose Fittings,Fire Hose Cabinet Wrench – 1½? & 2½? Hose Fittings,Tesla Fire Systems,Sprinklers & Hoses,,200.00 CAD,,200,,in stock,1,1,https://teslafiresystems.com/product/fire-hose-cabinet-wrench-1%C2%BD%E2%80%B3-2%C2%BD%E2%80%B3-hose-fittings/
22178,22178,,id(no-prefix),Kidde Sealed Battery Carbon Monoxide Alarm (C3010-CA),Kidde Sealed Battery Carbon Monoxide Alarm (C3010-CA),Kidde,Smoke & Carbon Monoxide Alarm Products > Kidde,,56.97 CAD,45.49 CAD,56.97,45.49,in stock,1,1,https://teslafiresystems.com/product/kidde-sealed-battery-carbon-monoxide-alarm-c3010-ca/
gla_1036,1036,B500X2,id,Amerex B500X | 5 lb ABC | Dry Chemical Fire Extinguisher with Wall Bracket | 2 Pack - 3A 10B:C,Amerex B500X | 5 lb ABC | Dry Chemical Fire Extinguisher with Wall Bracket | 2 Pack - 3A 10B:C,Amerex,"Fire Extinguishers > Amerex, Fire Extinguishers",850026795516,170.00 CAD,141.00 CAD,170,141,in stock,1,1,https://teslafiresystems.com/product/amerex-b500x-2-pack-abc-fire-extinguishers-3a-10bc/
gla_20268,20268,900-0280CA,id,Kidde 900-0280CA | 120V Plug-In Carbon Monoxide Alarm w/ [[10-Year Sealed Battery Backup & Digital Display]],Kidde 900-0280CA | 120V Plug-In Carbon Monoxide Alarm w/ [[10-Year Sealed Battery Backup &amp; Digital Display]],Kidde,"Smoke & Carbon Monoxide Alarm Products > Kidde, Smoke & Carbon Monoxide Alarm Products",047871263783,126.00 CAD,56.00 CAD,126.00,56.00,in stock,1,1,https://teslafiresystems.com/product/kidde-900-0280ca-120v-plug-in-carbon-monoxide-alarm-w-10-year-sealed-battery-backup-digital-display/
gla_349,349,P4010ACLEDSCOCA,id,Kidde 120V 3-in-1 LED Strobe | Smoke + Carbon Monoxide Alarm [[10-Year Battery Backup & Voice Alerts]] (P4010ACLEDSCOCA),Kidde 120V 3-in-1 LED Strobe | Smoke + Carbon Monoxide Alarm [[10-Year Battery Backup &amp; Voice Alerts]] (P4010ACLEDSCOCA),Kidde,"Smoke & Carbon Monoxide Alarm Products > Kidde, Smoke & Carbon Monoxide Alarm Products",047871269625,178.00 CAD,148.00 CAD,178.00,148.00,in stock,1,1,https://teslafiresystems.com/product/kidde-120v-hardwired-interconnecting-3-in-1-led-strobe-and-10-year-talking-smoke-co-alarm/
gla_248,248,330X,id,Amerex 330X | 10 lb CO2 | Carbon Dioxide Fire Extinguisher with Wall Bracket | 10B:C,Amerex 330X | 10 lb CO? | Carbon Dioxide Fire Extinguisher with Wall Bracket | 10B:C,Amerex,"Fire Extinguishers > Amerex, Fire Extinguishers",850026795301,480.00 CAD,333.65 CAD,480.00,333.65,in stock,1,1,https://teslafiresystems.com/product/amerex-330x-10-lb-co2-fire-extinguisher-10bc/
gla_17226,17226,TFSAR-50,id,"Fully Assembled 50' x 1-1/2"" Fire Hose Rack","Fully Assembled 50' x 1-1/2"" Fire Hose Rack",,Sprinklers & Hoses,50150,204.00 CAD,,204.00,,in stock,1,1,https://teslafiresystems.com/product/fully-assembled-50-x-1-1-2-fire-hose-rack/
gla_1152,1152,21032773,id,Kidde DETECT - 120V Photoelectric Smoke + Carbon Monoxide Alarm w/[[AA Battery Backup & Voice Alerts]]|[[ Batteries Included]](30CUAR-VCA),Kidde DETECT - 120V Photoelectric Smoke + Carbon Monoxide Alarm w/[[AA Battery Backup & Voice Alerts]]|[[ Batteries Included]](30CUAR-VCA),Kidde,"Smoke & Carbon Monoxide Alarm Products > Kidde, Smoke & Carbon Monoxide Alarm Products",047871327737,76.40 CAD,63.99 CAD,76.40,63.99,in stock,1,1,https://teslafiresystems.com/product/kidde-detect-120v-photoelectric-smoke-carbon-monoxide-alarm-w-aa-backup-battery-30cuar-vca-batteries-included/
gla_22720,22720,,id,Sti-9740 / Sti-9645 Emergency Light Steel Wire Cover Cages,Sti-9740 / Sti-9645 Emergency Light Steel Wire Cover Cages,,Exit & Emergency Lighting,,300.00 CAD,120.00 CAD,300,120,in stock,1,1,https://teslafiresystems.com/product/sti-9740-sti-9645-emergency-light-steel-wire-cover-cages/
gla_341,341,PLUG-B-250CL-PL,id,"2.5"" Threaded Brass Plug","2.5"" Threaded Brass Plug",,Sprinklers & Hoses,,59.00 CAD,52.80 CAD,59,52.80,in stock,1,1,https://teslafiresystems.com/product/brass-cap/
gla_20188,20188,5604A,id,System Sensor | 5604A Mechanical Heat Detector | 194°F Fixed Temperature,System Sensor | 5604A Mechanical Heat Detector | 194°F Fixed Temperature,System Sensor,Fire Alarm System Products,808221062797,40.00 CAD,24.35 CAD,40,24.35,in stock,1,1,https://teslafiresystems.com/product/system-sensor-5604a-mechanical-heat-detector-194f-fixed-temperature/
gla_430,430,BFB-430,id,Fire Blanket and Bag,Fire Blanket and Bag,TESLA FIRE SYSTEMS,Fire Protection Products,,136.89 CAD,,136.89,,in stock,1,1,https://teslafiresystems.com/product/fire-blanket-and-bag/
gla_1029,1029,T-ERHC100,id,Vinyl Cover for 100' Fire Hose Assembled on a Swing Rack,Vinyl Cover for 100' Fire Hose Assembled on a Swing Rack,TESLA FIRE SYSTEMS,Sprinklers & Hoses,990312860365,65.00 CAD,59.00 CAD,65,59,in stock,1,1,https://teslafiresystems.com/product/vinyl-cover-for-100-ft-pin-rack-english/
gla_17541,17541,A142,id,AUTOMATIC SPRINKLER VALVE CONTROL - Aluminum Sign,AUTOMATIC SPRINKLER VALVE CONTROL - Aluminum Sign,Tesla Fire Systems,Signs,142,12.00 CAD,,12,,in stock,1,1,https://teslafiresystems.com/product/automatic-sprinkler-valve-control-aluminum-sign/
gla_1054,1054,5BRK-1054,id,5Lb Universal Quick Release Vehicle Bracket,5Lb Universal Quick Release Vehicle Bracket,TESLA FIRE SYSTEMS,"Fire Extinguishers > Fire Extinguisher Accessories, Fire Extinguishers",990312860389,33.99 CAD,,33.99,,in stock,1,1,https://teslafiresystems.com/product/5lb-fire-extinguisher-spring-clip-vehicle-bracket/
gla_22673,22673,,id,El-7007gx-180 LED Emergency Exit Sign,El-7007gx-180 LED Emergency Exit Sign,,Exit & Emergency Lighting,,42.13 CAD,,42.13,,in stock,1,1,https://teslafiresystems.com/product/el-7007gx-180-led-emergency-exit-sign/
gla_424,424,A109,id,"Aluminum Fire Extinguisher Sign - (4"" x 12"")","Aluminum Fire Extinguisher Sign - (4"" x 12"")",TESLA FIRE SYSTEMS,"Fire Extinguishers > Fire Extinguisher Accessories, Fire Extinguishers",,23.01 CAD,,23.01,,in stock,1,1,https://teslafiresystems.com/product/fire-extinguisher-sign-metal/
gla_400,400,RLSS-12120,id,Emergency Light Battery 12V12AH,Emergency Light Battery 12V12AH,Maple Armor,Exit & Emergency Lighting,1212,55.00 CAD,,55.00,,in stock,1,1,https://teslafiresystems.com/product/emergency-light-replacement-battery-12v-12ah/
gla_279,279,A411x,id,Amerex A411X | 20 lb ABC | Dry Chemical Fire Extinguisher with Wall Bracket | 10A 120B:C,Amerex A411X | 20 lb ABC | Dry Chemical Fire Extinguisher with Wall Bracket | 10A 120B:C,Amerex,"Fire Extinguishers > Amerex, Fire Extinguishers",850026795035,300.00 CAD,235.00 CAD,300,235,in stock,1,1,https://teslafiresystems.com/product/amerex-a411x-20-lb-abc-fire-extinguisher-10a-120bc/
gla_20224,20224,EC-211,id,10lb Semi-Recessed Fire Extinguisher Cabinet – White with Glass Door & 1?? Trim,10lb Semi-Recessed Fire Extinguisher Cabinet – White with Glass Door & 1? Trim,The Williams Brother Corporation,Fire Extinguishers,759726012513,190.00 CAD,157.00 CAD,190,157,in stock,1,1,https://teslafiresystems.com/product/10lb-semi-recessed-fire-extinguisher-cabinet-white-with-glass-door-1%E2%80%B3-trim/
gla_1007,1007,WFD40N,id,"System Sensor WFD40 | Waterflow Detector for 4"" Steel Sprinkler Pipe | NEMA 4 Rated - UL/FM Approved","System Sensor WFD40 | Waterflow Detector for 4"" Steel Sprinkler Pipe | NEMA 4 Rated - UL/FM Approved",System Sensor,Sprinklers & Hoses,783850040161,250.00 CAD,230.00 CAD,250,230,in stock,1,1,https://teslafiresystems.com/product/system-sensor-wfd40-waterflow-detector-4-inch/
gla_22617,22617,,id,ELRM-100S Steel Running Man sign,ELRM-100S Steel Running Man sign,,Exit & Emergency Lighting,,60.00 CAD,54.99 CAD,60,54.99,in stock,1,1,https://teslafiresystems.com/product/elrm-100s-steel-running-man-sign/
gla_20243,20243,,id,Emergency Fire Door Alarm Will Sound If Opened Sign | Exit Door Warning Sign,Emergency Fire Door Alarm Will Sound If Opened Sign | Exit Door Warning Sign,,Signs,,10.00 CAD,,10,,in stock,1,1,https://teslafiresystems.com/product/emergency-fire-door-alarm-will-sound-if-opened-sign-exit-door-warning-sign/
gla_990,990,A384T,id,Amerex A384T | 1.4 lb Halotron I | Clean Agent Fire Extinguisher with Vehicle Bracket | 2B:C,Amerex A384T | 1.4 lb Halotron I | Clean Agent Fire Extinguisher with Vehicle Bracket | 2B:C,Amerex,"Fire Extinguishers > Amerex, Fire Extinguishers",850026795394,575.00 CAD,428.00 CAD,575,428,in stock,1,1,https://teslafiresystems.com/product/amerex-a384t-1-4-lb-halotron-i-fire-extinguisher-2bc/
gla_246,246,322X,id,Amerex 322X | 5 lb CO2 | Carbon Dioxide Fire Extinguisher with Wall Bracket | 5B:C,Amerex 322X | 5 lb CO? | Carbon Dioxide Fire Extinguisher with Wall Bracket | 5B:C,Amerex,"Fire Extinguishers > Amerex, Fire Extinguishers",850026795202,280.00 CAD,265.00 CAD,280.00,265.00,in stock,1,1,https://teslafiresystems.com/product/amerex-322x-5-lb-co2-fire-extinguisher-5bc/
gla_1397,1397,FH-400-RR-1397,id,Mircom FH-400-RR - Wall/Ceiling Mount Horn (Red),Mircom FH-400-RR - Wall/Ceiling Mount Horn (Red),,Fire Alarm System Products,,85.00 CAD,,85,,in stock,1,1,https://teslafiresystems.com/product/mircom-fh-400-rr-wall-ceiling-mount-horn-red/
gla_17277,17277,HDVB-4-17277,id,Strike First 30lb Dry Chemical Heavy Duty Vehicle Bracket - HDVB-4,Strike First 30lb Dry Chemical Heavy Duty Vehicle Bracket - HDVB-4,Strike First,"Fire Extinguishers > Fire Extinguisher Accessories, Fire Extinguishers",,150.00 CAD,,150,,in stock,1,1,https://teslafiresystems.com/product/strike-first-30lb-dry-chemical-heavy-duty-vehicle-bracket-hdvb-4/
gla_459,459,,id,"Mircom FA-106R: Six Zone Fire Alarm Unit, Red Door","Mircom FA-106R: Six Zone Fire Alarm Unit, Red Door",,Fire Alarm System Products,,550.00 CAD,,550,,in stock,1,1,https://teslafiresystems.com/product/mircom-fa-106r-six-zone-fire-alarm-unit-red-door/
gla_1032,1032,SF-ABC110ST-2,id,Strike First SF-ABC110ST | 2.5lb ABC Multi-Purpose Fire Extinguisher w/Vehicle Bracket (2-Pack),Strike First SF-ABC110ST | 2.5lb ABC Multi-Purpose Fire Extinguisher w/Vehicle Bracket (2-Pack),Strike First,"Fire Extinguishers, Fire Extinguishers > Strike First",0252,125.00 CAD,77.25 CAD,125,77.25,in stock,1,1,https://teslafiresystems.com/product/strike-first-sf-abc110st-2-5lb-multi-purpose-fire-extinguisher-w-vehicle-bracket-2-pack/
gla_17322,17322,B500X4,id,Amerex B500X | 5 lb ABC | Dry Chemical Fire Extinguisher with Wall Bracket | 4 Pack - 3A 10B:C,Amerex B500X | 5 lb ABC | Dry Chemical Fire Extinguisher with Wall Bracket | 4 Pack - 3A 10B:C,Amerex,"Fire Extinguishers > Amerex, Fire Extinguishers",,360.00 CAD,297.00 CAD,360,297,in stock,1,1,https://teslafiresystems.com/product/amerex-b500x-4-pack-abc-fire-extinguishers-3a-10bc/
gla_22702,22702,,id,"El-7066s Emergency LED Battery Backup Unit (720w, Remote Capable)","El-7066s Emergency LED Battery Backup Unit (720w, Remote Capable)",,Exit & Emergency Lighting,,750.00 CAD,703.73 CAD,750,703.73,in stock,1,1,https://teslafiresystems.com/product/el-7066s-emergency-led-battery-backup-unit-720w-remote-capable/
gla_479,479,MS-401-479,id,Mircom MS-401 - Single Stage Pull Station,Mircom MS-401 - Single Stage Pull Station,Mircom,Fire Alarm System Products,778346001394,48.45 CAD,,48.45,,in stock,1,1,https://teslafiresystems.com/product/mircom-pullstation/
gla_19014,19014,TFS-1055-R,id,5lb Surface Mounted Plastic Fire Extinguisher Cabinet - Red,5lb Surface Mounted Plastic Fire Extinguisher Cabinet - Red,Tesla Fire Systems Inc,Fire Extinguishers,990312860433,95.00 CAD,65.00 CAD,95,65,in stock,1,1,https://teslafiresystems.com/product/red-5lb-plastic-cabinets/
gla_22713,22713,,id,EL-7006-RC TWIN SPOT LED EMERGENCY LIGHT – WITH REMOTE CAPABILITY,EL-7006-RC TWIN SPOT LED EMERGENCY LIGHT – WITH REMOTE CAPABILITY,,Exit & Emergency Lighting,,100.00 CAD,65.00 CAD,100,65,in stock,1,1,https://teslafiresystems.com/product/el-7006-rc-twin-spot-led-emergency-light-with-remote-capability/
gla_288,288,5-809-288,id,"Amerex Heavy Duty Vehicle Bracket - 5"" Cylinder (809)","Amerex Heavy Duty Vehicle Bracket - 5"" Cylinder (809)",Amerex,"Fire Extinguishers > Fire Extinguisher Accessories, Fire Extinguishers",,94.05 CAD,,94.05,,in stock,1,1,https://teslafiresystems.com/product/amerex-809-heavy-duty-steel-bracket-for-10lb-fire-extinguisher/
gla_17268,17268,HDVB-2-17268,id,Strike First 10lb Dry Chemical & 5lb CO2 Heavy Duty Vehicle Bracket - HDVB-2,Strike First 10lb Dry Chemical & 5lb CO2 Heavy Duty Vehicle Bracket - HDVB-2,Strike First,"Fire Extinguishers > Fire Extinguisher Accessories, Fire Extinguishers",,90.00 CAD,,90,,in stock,1,1,https://teslafiresystems.com/product/strike-first-5lb-heavy-duty-vehicle-bracket-hdvb-2/
gla_1050,1050,00456-P-1050,id,Amerex Wall Bracket - 10lb ABC,Amerex Wall Bracket - 10lb ABC,Amerex,"Fire Extinguishers > Fire Extinguisher Accessories, Fire Extinguishers",802,10.00 CAD,,10,,in stock,1,1,https://teslafiresystems.com/product/fire-extinguisher-bracket-wall-mount-hanger-universal-for-10-to-15-lb-extinguisher-with-screws-and-washers/
gla_21309,21309,DST3,id,System Sensor DST3 - 3' Sampling Tube for Duct Smoke Detectors,System Sensor DST3 - 3' Sampling Tube for Duct Smoke Detectors,System Sensor,"Fire Alarm System Products, Smoke & Carbon Monoxide Alarm Products",783863035067,45.00 CAD,,45,,in stock,1,1,https://teslafiresystems.com/product/system-sensor-3-ft-sampling-tube/
gla_18873,18873,,id,Clear Fire Retardant - 1 Quart Spray Bottle,Clear Fire Retardant - 1 Quart Spray Bottle,,Fire Extinguishers,,173.31 CAD,115.54 CAD,173.31,115.54,in stock,1,1,https://teslafiresystems.com/product/clear-fire-retardant-1-quart-spray-bottle/
gla_19006,19006,CA07VB,id,ANSUL CLEANGUARD+ 7.5 lb Clean Agent Fire Extinguisher – 5-B:C – Model CA07VB,ANSUL CLEANGUARD+ 7.5 lb Clean Agent Fire Extinguisher – 5-B:C – Model CA07VB,Ansul,"Fire Extinguishers > Ansul, Fire Extinguishers",,685.00 CAD,619.00 CAD,685,619,in stock,1,1,https://teslafiresystems.com/product/ansul-cleanguard-7-5-lb-clean-agent-fire-extinguisher-5-bc-model-ca07vb/
gla_324,324,SPG,id,Sprinkler Guard,Sprinkler Guard,,Sprinklers & Hoses,,14.00 CAD,5.00 CAD,14,5,in stock,1,1,https://teslafiresystems.com/product/sprinkler-guard/
gla_229,229,B500X,id,Amerex B500X | 5 lb ABC | Dry Chemical Fire Extinguisher with Wall Bracket | 3A 10B:C,Amerex B500X | 5 lb ABC | Dry Chemical Fire Extinguisher with Wall Bracket | 3A 10B:C,Amerex,"Fire Extinguishers > Amerex, Fire Extinguishers",850026795134,89.00 CAD,75.50 CAD,89.00,75.50,in stock,1,1,https://teslafiresystems.com/product/amerex-b500x-5-lb-abc-fire-extinguisher-3a-10bc/
gla_283,283,2.5-817-283,id,Amerex Vehicle Bracket - 2.5lb ABC (817),Amerex Vehicle Bracket - 2.5lb ABC (817),Amerex,"Fire Extinguishers > Fire Extinguisher Accessories, Fire Extinguishers",,15.00 CAD,,15,,in stock,1,1,https://teslafiresystems.com/product/2-5lb-fire-extinguisher-vehicle-bracket-amerex-817/
gla_439,439,TFLB-298A-439,id,"Fire Equipment Log Book for Fire Alarm Systems, Emergency Lighting, Fire Extinguishers & Emergency Generators","Fire Equipment Log Book for Fire Alarm Systems, Emergency Lighting, Fire Extinguishers &amp; Emergency Generators",TESLA FIRE SYSTEMS,Fire Protection Products,298,50.00 CAD,,50,,in stock,1,1,https://teslafiresystems.com/product/fire-protection-equipment-log-book-298a/
gla_1386,1386,MH-25R-1386,id,Mircom MH-25R - Mini Horn (Red),Mircom MH-25R - Mini Horn (Red),Mircom,Fire Alarm System Products,,35.00 CAD,,35,,in stock,1,1,https://teslafiresystems.com/product/mircom-mh-25r-mini-horn-red/
gla_22016,22016,809,id,Amerex 809 | 10Lb Heavy Duty Vehicle Bracket,Amerex 809 | 10Lb Heavy Duty Vehicle Bracket,Amerex,"Fire Extinguishers > Fire Extinguisher Accessories, Fire Extinguishers",,85.54 CAD,,85.54,,in stock,1,1,https://teslafiresystems.com/product/amerex-heavy-duty-vehicle-bracket-5-cylinder-809/
gla_230,230,B456X,id,Amerex B456X | 10 lb ABC | Dry Chemical Fire Extinguisher with Wall Bracket | 6A 80B:C,Amerex B456X | 10 lb ABC | Dry Chemical Fire Extinguisher with Wall Bracket | 6A 80B:C,Amerex,"Fire Extinguishers > Amerex, Fire Extinguishers",850026795028,145.00 CAD,113.50 CAD,145.00,113.50,in stock,1,1,https://teslafiresystems.com/product/amerex-b456x-10-lb-abc-fire-extinguisher-6a-80bc/
gla_20280,20280,547,id,Amerex 547 HT Series | 3.75 lb Halotron BrX | Clean Agent Fire Extinguisher with Nozzle | 5B:C,Amerex 547 HT Series | 3.75 lb Halotron BrX | Clean Agent Fire Extinguisher with Nozzle | 5B:C,Amerex,"Fire Extinguishers > Amerex, Fire Extinguishers",,1500.00 CAD,1050.00 CAD,1500,1050,in stock,1,1,https://teslafiresystems.com/product/amerex-547-ht-series-3-75-lb-halotron-brx-clean-agent-fire-extinguisher-5bc/
gla_17530,17530,21031518,id,Kidde DETECT – Battery Operated Photoelectric Smoke & CO w/[[10 Year Sealed Battery]] - NO VOICE ALERT (30CUD10-CA),Kidde DETECT – Battery Operated Photoelectric Smoke & CO w/[[10 Year Sealed Battery]] - NO VOICE ALERT (30CUD10-CA),Kidde,"Smoke & Carbon Monoxide Alarm Products > Kidde, Smoke & Carbon Monoxide Alarm Products",047871315185,80.58 CAD,69.00 CAD,80.58,69,in stock,1,1,https://teslafiresystems.com/product/kidde_no-voice-alert-30cud10-ca/
gla_22018,22018,376T,id,Amerex 376T Purple K | 1 lb BC | Dry Chemical Fire Extinguisher with Vehicle Bracket | 2B:C,Amerex 376T Purple K | 1 lb BC | Dry Chemical Fire Extinguisher with Vehicle Bracket | 2B:C,Amerex,BC,400017862767,150.65 CAD,,150.65,,in stock,1,1,https://teslafiresystems.com/product/amerex-376t-purple-k-1-lb-bc-dry-chemical-fire-extinguisher-with-vehicle-bracket-2bc/
gla_1044,1044,AWM114,id,Aluminum 8X12 Double Sided FIRE Extinguisher Sign,Aluminum 8X12 Double Sided FIRE Extinguisher Sign,TESLA FIRE SYSTEMS,"Fire Extinguishers > Fire Extinguisher Accessories, Fire Extinguishers",114,35.00 CAD,,35,,in stock,1,1,https://teslafiresystems.com/product/aluminum-8x12-double-sided-fire-extinguisher-sign/
gla_21236,21236,1046721,id,"BRK SM100V-AC Hardwire Smoke Alarm with Battery Backup, Voice & Location Alerts","BRK SM100V-AC Hardwire Smoke Alarm with Battery Backup, Voice & Location Alerts",BRK,Smoke Alarms,,200.00 CAD,,200,,in stock,1,1,https://teslafiresystems.com/product/brk-sm100v-ac-hardwire-smoke-alarm-with-battery-backup-voice-location-alerts/
gla_21873,21873,R-15-24,id,"Heavy-Duty Swing-Type Fire Hose Reel | Wall-Mounted | Reel Only | For 1 1/2"" x 100' Single Jacket Fire Hose","Heavy-Duty Swing-Type Fire Hose Reel | Wall-Mounted | Reel Only | For 1 1/2"" x 100' Single Jacket Fire Hose",Tesla Fire Systems,Sprinklers & Hoses,,245.00 CAD,,245,,in stock,1,1,https://teslafiresystems.com/product/heavy-duty-swing-type-fire-hose-reel-wall-mounted-1-1-2-x-100/
gla_1401,1401,FS400-RR,id,Mircom FS-400-RR - Wall Mount Strobe (Red),Mircom FS-400-RR - Wall Mount Strobe (Red),Mircom,Fire Alarm System Products,808221140631,85.00 CAD,,85,,in stock,1,1,https://teslafiresystems.com/product/mircom-fs-400-rr-wall-mount-strobe-red/
gla_22695,22695,,id,El-7030b Universal 2 X 5w LED Emergency Dual Remote Head (3.6-24v),El-7030b Universal 2 X 5w LED Emergency Dual Remote Head (3.6-24v),,Exit & Emergency Lighting,,25.00 CAD,,25,,in stock,1,1,https://teslafiresystems.com/product/el-7030b-universal-2-x-5w-led-emergency-dual-remote-head-3-6-24v/
gla_382,382,NV-6-36,id,Emergency Lighting Unit 36 Watt Output,Emergency Lighting Unit 36 Watt Output,Beluce (Beghelli),Exit & Emergency Lighting,636,158.00 CAD,,158,,in stock,1,1,https://teslafiresystems.com/product/emergency-lighting-unit-36-watt-output/
gla_445,445,NE20,id,PULL STATION LABEL - NO ELEVATOR,PULL STATION LABEL - NO ELEVATOR,Tesla Fire Systems,Fire Protection Products,83,5.50 CAD,5.00 CAD,5.50,5,in stock,1,1,https://teslafiresystems.com/product/in-case-of-fire-pull-station-sticker/
gla_21238,21238,SM110LEDA-AC,id,BRK SM110LEDA-AC Hardwire Smoke Alarm with LED Strobe & [[10-Year Battery Backup]],BRK SM110LEDA-AC Hardwire Smoke Alarm with LED Strobe & [[10-Year Battery Backup]],BRK,Smoke Alarms,,130.00 CAD,125.95 CAD,130,125.95,in stock,1,1,https://teslafiresystems.com/product/brk-sm110led-ac-hardwire-smoke-alarm-with-led-strobe-10-year-battery-backup/
gla_20207,20207,TFS-10510-R,id,10lb Surface Mounted Plastic Fire Extinguisher Cabinet - Red,10lb Surface Mounted Plastic Fire Extinguisher Cabinet - Red,Tesla Fire Systems Inc,Fire Extinguishers,633131433241,100.00 CAD,73.00 CAD,100,73,in stock,1,1,https://teslafiresystems.com/product/red-10lb-plastic-cabinets/
gla_17275,17275,HDVB-3-17275,id,Strike First 20lb Dry Chemical & 10lb-15lb CO2 Heavy Duty Vehicle Bracket - HDVB-3,Strike First 20lb Dry Chemical & 10lb-15lb CO2 Heavy Duty Vehicle Bracket - HDVB-3,Strike First,"Fire Extinguishers > Fire Extinguisher Accessories, Fire Extinguishers",,95.00 CAD,,95,,in stock,1,1,https://teslafiresystems.com/product/strike-first-5lb-heavy-duty-vehicle-bracket-hdvb-3/
gla_264,264,SF310,id,Strike First SF310 I Versatile 5lb ABC I UL/ULC & USCG Approved,Strike First SF310 I Versatile 5lb ABC I UL/ULC & USCG Approved,Strike First,"Fire Extinguishers, Fire Extinguishers > Strike First",0501,87.50 CAD,51.25 CAD,87.50,51.25,in stock,1,1,https://teslafiresystems.com/product/strike-first-versatile-5lbs-ul-ulc-uscg-approved/
gla_22703,22703,,id,"El-7064s5 Emergency Battery Backup Unit (275w, Remote Capable)","El-7064s5 Emergency Battery Backup Unit (275w, Remote Capable)",,Exit & Emergency Lighting,,320.00 CAD,306.99 CAD,320,306.99,in stock,1,1,https://teslafiresystems.com/product/el-7064s5-emergency-battery-backup-unit-275w-remote-capable/
gla_1689,1689,C-999,id,10lb Surface Mounted Steel Fire Extinguisher Cabinet - White,10lb Surface Mounted Steel Fire Extinguisher Cabinet - White,The Williams Brothers Corporation,Fire Extinguishers > Fire Extinguisher Accessories,190735483770,145.50 CAD,84.00 CAD,145.50,84.00,in stock,1,1,https://teslafiresystems.com/product/fire-extinguisher-cabinet-10lb-surface-mounted-c-999/
gla_404,404,RLSS-B672,id,Emergency Light Battery 6V7AH,Emergency Light Battery 6V7AH,Maple Armor,Exit & Emergency Lighting,67,29.00 CAD,,29,,in stock,1,1,https://teslafiresystems.com/product/emergency-light-replacement-battery-6v-7-ah/
gla_465,465,FH-400-WW-465,id,Mircom FH-400-WW - Wall/Ceiling Mount Horn (White),Mircom FH-400-WW - Wall/Ceiling Mount Horn (White),,Fire Alarm System Products,,85.00 CAD,,85,,in stock,1,1,https://teslafiresystems.com/product/mircom-standard-horn/
gla_22022,22022,B460,id,Amerex B460 Purple K | 10 lb BC Brass Valve | Dry Chemical Fire Extinguisher with Wall Bracket | 80B:C,Amerex B460 Purple K | 10 lb BC Brass Valve | Dry Chemical Fire Extinguisher with Wall Bracket | 80B:C,Amerex,Fire Extinguishers,,312.57 CAD,,312.57,,in stock,1,1,https://teslafiresystems.com/product/amerex-b460-10-lb-brass-valve-purple-k-fire-extinguisher/
gla_19315,19315,,id,TRIVET Model C-32 - Hose & Hydrant Wrench - ½?? to 4??,TRIVET® Model C-32 - Hose & Hydrant Wrench - ½? to 4?,Trivet,Sprinklers & Hoses,,200.00 CAD,,200,,in stock,1,1,https://teslafiresystems.com/product/trivet-model-c-32-hose-hydrant-wrench-%C2%BD%E2%80%B3-to-4%E2%80%B3/
gla_471,471,FHS-400-WW-WM-471,id,Mircom FHS-400-WW - Wall Mount LED Horn/Strobe (White),Mircom FHS-400-WW - Wall Mount LED Horn/Strobe (White),,Fire Alarm System Products,,120.00 CAD,,120,,in stock,1,1,https://teslafiresystems.com/product/mircom-strobe/
gla_1015,1015,21032771,id,Kidde DETECT - Combination Smoke & Carbon Monoxide Alarm | Photoelectric Sensor | [[AA Battery Operated & Voice Alerts]] | 30CUDR-CA,Kidde DETECT - Combination Smoke & Carbon Monoxide Alarm | Photoelectric Sensor | [[AA Battery Operated & Voice Alerts]] | 30CUDR-CA,Kidde,"Smoke & Carbon Monoxide Alarm Products > Kidde, Smoke & Carbon Monoxide Alarm Products",047871327713,69.67 CAD,58.00 CAD,69.67,58,in stock,1,1,https://teslafiresystems.com/product/kidde-detect-battery-operated-smoke-co-aa-battery-operated/
gla_1252,1252,21031559,id,Kidde DETECT - 120V Photoelectric Smoke Alarm w/ [[10 Year Backup Battery]] (20SA10-CA),Kidde DETECT - 120V Photoelectric Smoke Alarm w/ [[10 Year Backup Battery]] (20SA10-CA),Kidde,"Smoke & Carbon Monoxide Alarm Products > Kidde, Smoke & Carbon Monoxide Alarm Products",047841315598,78.62 CAD,56.15 CAD,78.62,56.15,in stock,1,1,https://teslafiresystems.com/product/kidde-detect-120v-photoelectric-smoke-alarm-w-10-year-backup-battery-20sa10-ca/
gla_21240,21240,1046836,id,BRK SMI100-AC Hardwire Smoke Alarm with Battery Backup,BRK SMI100-AC Hardwire Smoke Alarm with Battery Backup,BRK,Smoke Alarms,,200.00 CAD,,200,,in stock,1,1,https://teslafiresystems.com/product/brk-smi100-ac-hardwire-smoke-alarm-with-battery-backup/
gla_21249,21249,1046757,id,BRK SM210 Series 10-Year Sealed Battery Smoke Alarm with Voice - Slim Profile,BRK SM210 Series 10-Year Sealed Battery Smoke Alarm with Voice - Slim Profile,BRK,Smoke Alarms,,200.00 CAD,,200,,in stock,1,1,https://teslafiresystems.com/product/brk-sm210-series-10-year-sealed-battery-smoke-alarm-with-voice-slim-profile/
gla_334,334,TY315,id,"Tyco TY315 TY-B Series | Upright Fire Sprinkler Head | 5.6K - Standard Response - 155°F | Natural Brass - 1/2"" NPT","Tyco TY315 TY-B Series | Upright Fire Sprinkler Head | 5.6K - Standard Response - 155°F | Natural Brass -  1/2"" NPT",Tyco,Sprinklers & Hoses,013424344698,20.00 CAD,10.55 CAD,20,10.55,in stock,1,1,https://teslafiresystems.com/product/tyco-ty315-upright-sprinkler-head-standard-response/
gla_17544,17544,,id,"""Fire Extinguisher Sign"" - 6"" x 9"" - Adhesive Vinyl Sign","""Fire Extinguisher Sign"" - 6"" x 9"" - Adhesive Vinyl Sign",Tesla Fire Systems,Signs,,7.00 CAD,,7,,in stock,1,1,https://teslafiresystems.com/product/fire-extinguisher-inside-6-x-9-adhesive-vinyl-sign/
gla_20229,20229,PC-411,id,"20 lb Dry Chemical / 2.5 Gallon Wet Chemical Fire Extinguisher Cabinet – Semi-Recessed, White with Acrylic Bubble Door","20 lb Dry Chemical / 2.5 Gallon Wet Chemical Fire Extinguisher Cabinet – Semi-Recessed, White with Acrylic Bubble Door",The Williams Brother Corporation,Fire Extinguishers,190735470336,255.00 CAD,214.00 CAD,255,214,in stock,1,1,https://teslafiresystems.com/product/20-lb-fire-extinguisher-cabinet/
gla_20202,20202,TFS-10510-W,id,10lb Surface Mounted Plastic Fire Extinguisher Cabinet - White,10lb Surface Mounted Plastic Fire Extinguisher Cabinet - White,Tesla Fire Systems Inc,Fire Extinguishers,730604280019,100.00 CAD,73.00 CAD,100,73,in stock,1,1,https://teslafiresystems.com/product/10lb-surface-mounted-plastic-fire-extinguisher-cabinet-white/
gla_543,543,STI1100,id,Audible Pull Station Cover - STI1100,Audible Pull Station Cover - STI1100,STI-SAFETY TECHNOLOGY INTERNATIONAL,Fire Alarm System Products,870523794512,165.00 CAD,,165,,in stock,1,1,https://teslafiresystems.com/product/pullstation-audible-cover/
gla_1072,1072,FB64PC-1072,id,Fiber Glass Fire Blanket (1m x 1m),Fiber Glass Fire Blanket (1m x 1m),TESLA FIRE SYSTEMS,Fire Protection Products,6072,25.00 CAD,20.00 CAD,25,20,in stock,1,1,https://teslafiresystems.com/product/glass-fiber-fire-blanket-2/
gla_483,483,K-270-A-DPO-483,id,Edwards Pullstation - 120VAC,Edwards Pullstation - 120VAC,Kidde,Fire Alarm System Products,793016051295,120.00 CAD,,120,,in stock,1,1,https://teslafiresystems.com/product/edwards-pullstation-120v/
gla_22034,22034,812,id,Amerex 812 | 30 Lb Heavy-Duty Vehicle Bracket | 30 Lb 6?? Cylinder,Amerex 812 | 30 Lb Heavy-Duty Vehicle Bracket | 30 Lb  6? Cylinder,Amerex,"Fire Extinguishers > Fire Extinguisher Accessories, Fire Extinguishers",,91.10 CAD,,91.1,,in stock,1,1,https://teslafiresystems.com/product/amerex-812-heavy-duty-vehicle-bracket-6%E2%80%B3-cylinder/
gla_244,244,B417TXC,id,Amerex B417TXC | 2.5 lb ABC | Dry Chemical Fire Extinguisher with Vehicle Bracket | 1A 10B:C - Chrome,Amerex B417TXC | 2.5 lb ABC | Dry Chemical Fire Extinguisher with Vehicle Bracket | 1A 10B:C - Chrome,Amerex,"Fire Extinguishers > Amerex, Fire Extinguishers",850026795172,290.00 CAD,264.80 CAD,290,264.80,in stock,1,1,https://teslafiresystems.com/product/amerex-b417txc-2-5-lb-chrome-abc-fire-extinguisher-1a-10bc/
gla_351,351,T-SDT,id,Smoke Check - Smoke Detector Tester,Smoke Check - Smoke Detector Tester,TESLA FIRE SYSTEMS,Smoke & Carbon Monoxide Alarm Products,712231610988,25.00 CAD,16.00 CAD,25,16.00,in stock,1,1,https://teslafiresystems.com/product/smoke-check-smoke-detector-tester/
gla_457,457,TFSPB-W,id,Fire Safety Plan Box,Fire Safety Plan Box,TESLA FIRE SYSTEMS,Fire Safety Plan Boxes,333,133.50 CAD,,133.50,,in stock,1,1,https://teslafiresystems.com/product/fire-safety-plan-box/
gla_1382,1382,BL-10B - 24VDC-1382,id,"Mircom BL-10B - 24VDC 10"" Fire Alarm Bell","Mircom BL-10B - 24VDC 10"" Fire Alarm Bell",Mircom,Fire Alarm System Products,778346000618,75.00 CAD,,75,,in stock,1,1,https://teslafiresystems.com/product/mircom-bl-10b-24vdc-10-fire-alarm-bell/
gla_1740,1740,12933-1740,id,"Amerex Heavy Duty Vehicle Bracket – 7"" Cylinder (810)","Amerex Heavy Duty Vehicle Bracket – 7"" Cylinder (810)",Amerex,Fire Extinguishers > Fire Extinguisher Accessories,850026795547,95.27 CAD,,95.27,,in stock,1,1,https://teslafiresystems.com/product/amerex-heavy-duty-vehicle-bracket-7-cylinder-810/
gla_463,463,5601A,id,System Sensor | 5601A Mechanical Heat Detector | 135°F Fixed-Temperature / Rate-Of-Rise,System Sensor | 5601A Mechanical Heat Detector | 135°F Fixed-Temperature / Rate-Of-Rise,System Sensor,Fire Alarm System Products,783863024450,48.00 CAD,24.35 CAD,48.00,24.35,in stock,1,1,https://teslafiresystems.com/product/mechanical-heat-detector-135f-fixed-temperature-rate-of-rise/
gla_1391,1391,MH-S25RA,id,Mircom MH-S25RA - Sileanceable Mini Horn (Red),Mircom MH-S25RA - Sileanceable Mini Horn (Red),Mircom,Fire Alarm System Products,,45.00 CAD,,45,,in stock,1,1,https://teslafiresystems.com/product/mircom-mh-s25ra-sileanceable-mini-horn-red/
gla_254,254,376,id,Amerex 376 Purple K | 1 lb BC | Dry Chemical Fire Extinguisher with Vehicle Bracket | 5B:C,Amerex 376 Purple K | 1 lb BC | Dry Chemical Fire Extinguisher with Vehicle Bracket | 5B:C,Amerex,"Fire Extinguishers > Amerex, Fire Extinguishers",400017862767,150.00 CAD,135.00 CAD,150.00,135,in stock,1,1,https://teslafiresystems.com/product/amerex-376-1-lb-purple-k-fire-extinguisher-5bc/
gla_19312,19312,OSY2,id,System Sensor OSY2 | Outside Screw & Yoke - Valve Supervisory Switch | UL/FM Approved - NEMA 3R Rated,System Sensor OSY2 | Outside Screw & Yoke - Valve Supervisory Switch | UL/FM Approved - NEMA 3R Rated,System Sensor,Sprinklers & Hoses,783863001635,250.00 CAD,162.00 CAD,250,162,in stock,1,1,https://teslafiresystems.com/product/system-sensor-osy2-osy-valve-supervisory-switch/
gla_20237,20237,,id,In Case of Fire Break Glass Sign | Fire Safety Emergency Instruction Sign,In Case of Fire Break Glass Sign | Fire Safety Emergency Instruction Sign,,Signs,,10.00 CAD,,10,,in stock,1,1,https://teslafiresystems.com/product/in-case-of-fire-break-glass-sign-fire-safety-emergency-instruction-sign/
gla_1052,1052,UBRK-1052,id,2.5lb Universal Quick Release Vehicle Bracket,2.5lb Universal Quick Release Vehicle Bracket,TESLA FIRE SYSTEMS,"Fire Extinguishers > Fire Extinguisher Accessories, Fire Extinguishers",25,33.99 CAD,,33.99,,in stock,1,1,https://teslafiresystems.com/product/2-5lb-fire-extinguisher-spring-clip-vehicle-bracket/
gla_347,347,HR-100,id,"Swing Rack for 50', 75' & 100' x 1-1/2"" Single Jacket Lined Fire Hose","Swing Rack for 50', 75' & 100' x 1-1/2"" Single Jacket Lined Fire Hose",,Sprinklers & Hoses,,98.59 CAD,79.00 CAD,98.59,79.00,in stock,1,1,https://teslafiresystems.com/product/swing-pin-rack-for-50-ft-75-ft-100-ft-1-1-2-single-jacket-lined-fire-hose/
gla_19253,19253,TFS15IND-50-19253,id,"Single Jacket Reel Hose (1 1/2"" x 50'/75')","Single Jacket Reel Hose (1 1/2"" x 50'/75')",Tesla Fire Systems,Sprinklers & Hoses,,266.85 CAD,177.90 CAD,266.85,177.90,in stock,1,1,https://teslafiresystems.com/product/single-jacket-reel-hose-1-1-2-x-50/
gla_984,984,B479TX,id,Amerex B479T Purple K | 5 lb BC | Dry Chemical Fire Extinguisher with Vehicle Bracket | 40B:C,Amerex B479T Purple K | 5 lb BC | Dry Chemical Fire Extinguisher with Vehicle Bracket | 40B:C,Amerex,"Fire Extinguishers > Amerex, Fire Extinguishers",850026795219,193.28 CAD,160.00 CAD,193.28,160.00,in stock,1,1,https://teslafiresystems.com/product/amerex-b479t-5-lb-purple-k-fire-extinguisher-40bc/
gla_241,241,B402X,id,Amerex B402X | 5 lb ABC | Dry Chemical Fire Extinguisher with Wall Bracket | 3A 40B:C,Amerex B402X | 5 lb ABC | Dry Chemical Fire Extinguisher with Wall Bracket | 3A 40B:C,Amerex,"Fire Extinguishers > Amerex, Fire Extinguishers",850026795011,103.00 CAD,83.30 CAD,103.00,83.30,in stock,1,1,https://teslafiresystems.com/product/amerex-b402x-5-lb-abc-fire-extinguisher-3a-40bc/
gla_21254,21254,1046774,id,BRK SM500V Wireless Interconnect Battery-Operated Smoke Alarm with Voice & Location Alerts,BRK SM500V Wireless Interconnect Battery-Operated Smoke Alarm with Voice & Location Alerts,BRK,Smoke Alarms,,200.00 CAD,,200,,in stock,1,1,https://teslafiresystems.com/product/brk-sm500v-wireless-interconnect-battery-operated-smoke-alarm-with-voice-location-alerts/
gla_389,389,CL-R2-RL,id,Double LED Emergency Light Remote Head - 6-24V5W,Double LED Emergency Light Remote Head - 6-24V5W,Maple Armor,Exit & Emergency Lighting,22227030,69.99 CAD,,69.99,,in stock,1,1,https://teslafiresystems.com/product/double-emergency-remote/
gla_19256,19256,TFS15IND-100-19256,id,Single Jacket Reel Hose (1 1/2?? x 100?),Single Jacket Reel Hose (1 1/2? x 100?),Tesla Fire Systems,Sprinklers & Hoses,,390.54 CAD,260.36 CAD,390.54,260.36,in stock,1,1,https://teslafiresystems.com/product/single-jacket-reel-hose-1-1-2-x-100/
gla_1011,1011,PSP1A,id,System Sensor PSP1A | Plug-in Special Purpose Supervisory Switch | ULC Listed - NEMA 3 Rated,System Sensor PSP1A | Plug-in Special Purpose Supervisory Switch | ULC Listed - NEMA 3 Rated,System Sensor,Sprinklers & Hoses,783863008085,418.75 CAD,350.00 CAD,418.75,350.00,in stock,1,1,https://teslafiresystems.com/product/system-sensor-psp1a-plug-in-supervisory-switch/
gla_433,433,,id,Pull Station Cover w/ Breaker Bar,Pull Station Cover w/ Breaker Bar,,Fire Alarm System Products,,88.17 CAD,,88.17,,in stock,1,1,https://teslafiresystems.com/product/pullstation-cover/
gla_996,996,,id,"Fully Assembled 100' x 1-1/2"" Fire Hose & Rack","Fully Assembled 100' x 1-1/2"" Fire Hose & Rack",,Sprinklers & Hoses,,230.33 CAD,,230.33,,in stock,1,1,https://teslafiresystems.com/product/fully-assembled-1-1-2-fire-hose-rack-w-nozzle-npsh-100-ft-hose/
gla_20276,20276,A537TS,id,Amerex A537TS HT Series | 1.79 lb Halotron BrX | Clean Agent Fire Extinguisher with Nozzle | 2B:C,Amerex A537TS HT Series | 1.79 lb Halotron BrX | Clean Agent Fire Extinguisher with Nozzle | 2B:C,Amerex,"Fire Extinguishers > Amerex, Fire Extinguishers",,780.00 CAD,748.50 CAD,780,748.50,in stock,1,1,https://teslafiresystems.com/product/amerex-a537ts-ht-series-1-79-lb-halotron-brx-clean-agent-fire-extinguisher-2bc/
gla_16888,16888,B394TS,id,Amerex B394TS | 5.5 lb Halotron I | Clean Agent Fire Extinguisher with Aircraft Bracket | 5B:C,Amerex B394TS | 5.5 lb Halotron I | Clean Agent Fire Extinguisher with Aircraft Bracket | 5B:C,Amerex,"Fire Extinguishers > Amerex, Fire Extinguishers",400017862866,895.00 CAD,886.50 CAD,895,886.50,in stock,1,1,https://teslafiresystems.com/product/amerex-b394ts-5-5-lb-halotron-i-fire-extinguisher-faa-approved/
gla_387,387,SL-RM-12-36,id,Running Man Combo Exit Emergency Light Unit 12V 36W,Running Man Combo Exit Emergency Light Unit 12V 36W,Beluce (Beghelli),Exit & Emergency Lighting,1236,325.00 CAD,150.00 CAD,325,150,in stock,1,1,https://teslafiresystems.com/product/running-man-combo-exit-emergency-light-unit/
gla_17335,17335,B500X6,id,Amerex B500X | 5 lb ABC | Dry Chemical Fire Extinguisher with Wall Bracket | 6 Pack - 3A 10B:C,Amerex B500X | 5 lb ABC | Dry Chemical Fire Extinguisher with Wall Bracket | 6 Pack - 3A 10B:C,Amerex,"Fire Extinguishers > Amerex, Fire Extinguishers",,530.00 CAD,443.00 CAD,530,443,in stock,1,1,https://teslafiresystems.com/product/amerex-b500x-6-pack-abc-fire-extinguishers-3a-10bc/
gla_407,407,RLSS-B6120,id,Emergency Light Battery 6V12AH,Emergency Light Battery 6V12AH,Maple Armor,Exit & Emergency Lighting,612,33.00 CAD,,33,,in stock,1,1,https://teslafiresystems.com/product/6v-12ah-emergency-light-battery/
gla_22694,22694,,id,El-7030b Universal 2 X 1.5w LED Emergency Dual Remote Head (3.6-24v),El-7030b Universal 2 X 1.5w LED Emergency Dual Remote Head (3.6-24v),,Exit & Emergency Lighting,,30.19 CAD,,30.19,,in stock,1,1,https://teslafiresystems.com/product/el-7030b-universal-2-x-1-5w-led-emergency-dual-remote-head-3-6-24v-2/
gla_20393,20393,549,id,Amerex 549 HT Series | 3.75 lb Halotron BrX | Clean Agent Fire Extinguisher with Hose | 5B:C,Amerex 549 HT Series | 3.75 lb Halotron BrX | Clean Agent Fire Extinguisher with Hose | 5B:C,Amerex,"Fire Extinguishers > Amerex, Fire Extinguishers",,1500.00 CAD,1100.00 CAD,1500,1100,in stock,1,1,https://teslafiresystems.com/product/amerex-549-ht-series-3-75-lb-halotron-brx-clean-agent-fire-extinguisher-5bc/
gla_22661,22661,,id,El-7027br LED Emergency Exit Sign Combo With Adjustable Heads,El-7027br LED Emergency Exit Sign Combo With Adjustable Heads,,Exit & Emergency Lighting,,136.50 CAD,110.00 CAD,136.50,110,in stock,1,1,https://teslafiresystems.com/product/el-7027br-led-emergency-exit-sign-combo-with-adjustable-heads/
gla_975,975,21031471,id,Kidde DETECT - Battery Operated Photoelectric Smoke Alarm w/[[10 Year Sealed Battery]] (20SD10-CA),Kidde DETECT - Battery Operated Photoelectric Smoke Alarm w/[[10 Year Sealed Battery]] (20SD10-CA),Kidde,"Smoke & Carbon Monoxide Alarm Products > Kidde, Smoke & Carbon Monoxide Alarm Products",047871314713,75.27 CAD,38.75 CAD,75.27,38.75,in stock,1,1,https://teslafiresystems.com/product/kidde-detect-battery-operated-smoke-alarm-10-year-sealed-battery/
gla_22692,22692,,id,EL-7030B UNIVERSAL 2 X 1.5W LED EMERGENCY DUAL REMOTE HEAD (3.6-24V),EL-7030B UNIVERSAL 2 X 1.5W LED EMERGENCY DUAL REMOTE HEAD (3.6-24V),,Exit & Emergency Lighting,,300.00 CAD,,300,,in stock,1,1,https://teslafiresystems.com/product/el-7030b-universal-2-x-1-5w-led-emergency-dual-remote-head-3-6-24v/
gla_1067,1067,00577-P001-1067,id,Amerex Wall Bracket - 20lb ABC,Amerex Wall Bracket - 20lb ABC,Amerex,"Fire Extinguishers > Fire Extinguisher Accessories, Fire Extinguishers",803,10.00 CAD,,10,,in stock,1,1,https://teslafiresystems.com/product/universal-fire-extinguisher-wall-hook-mount-bracket-hanger-for-15-to-20-lb-extinguisher/
gla_20239,20239,,id,Sprinkler Valve Control Room Sign with Directional Arrow | Fire Sprinkler Signage,Sprinkler Valve Control Room Sign with Directional Arrow | Fire Sprinkler Signage,,Signs,,10.00 CAD,,10,,in stock,1,1,https://teslafiresystems.com/product/sprinkler-valve-control-room-sign-with-directional-arrow-fire-sprinkler-signage/
gla_18875,18875,,id,Inspecta-Shield Clear Fire Retardant - 5 Gallon Drum,Inspecta-Shield Clear Fire Retardant - 5 Gallon Drum,,Fire Extinguishers,,1412.43 CAD,941.62 CAD,1412.43,941.62,in stock,1,1,https://teslafiresystems.com/product/inspecta-shield-clear-fire-retardant-5-gallon-drum/
gla_1056,1056,RTI-1,id,Remote Trouble Indicator RTI-1,Remote Trouble Indicator RTI-1,Mircom,Fire Alarm System Products,778346004593,175.00 CAD,,175,,in stock,1,1,https://teslafiresystems.com/product/remote-trouble-indicator-rti-1/
gla_20477,20477,C571x,id,Amerex C571x | 30 lb Class D | Copper Fire Extinguisher with Wall Bracket | For Lithium Metal Fires,Amerex C571x | 30 lb Class D | Copper Fire Extinguisher with Wall Bracket | For Lithium Metal Fires,Amerex,"Fire Extinguishers > Amerex, Fire Extinguishers",400017862699,2744.00 CAD,2500.00 CAD,2744.00,2500.00,in stock,1,1,https://teslafiresystems.com/product/amerex-c571-30-lb-class-d-copper-fire-extinguisher/
gla_22642,22642,,id,Elrm-100wp Compact LED Wet Location Running Man Sign,Elrm-100wp Compact LED Wet Location Running Man Sign,,Exit & Emergency Lighting,,300.00 CAD,165.59 CAD,300,165.59,in stock,1,1,https://teslafiresystems.com/product/elrm-100wp-compact-led-wet-location-running-man-sign/
gla_17266,17266,HDVB-1-17266,id,Strike First 5lb Heavy Duty Vehicle Bracket - HDVB-1,Strike First 5lb Heavy Duty Vehicle Bracket - HDVB-1,Strike First,"Fire Extinguishers > Fire Extinguisher Accessories, Fire Extinguishers",,85.00 CAD,,85.00,,in stock,1,1,https://teslafiresystems.com/product/strike-first-5lb-heavy-duty-vehicle-bracket-hdvb-1/
gla_1009,1009,WFDTN,id,Safe Signal WFDTN Waterflow Detector,Safe Signal WFDTN Waterflow Detector,Safe signal,Sprinklers & Hoses,,250.00 CAD,,250,,in stock,1,1,https://teslafiresystems.com/product/safe-signal-wfdtn-waterflow-detector/
gla_1733,1733,12V5AH-1733,id,Fire Alarm Control Panel Battery - 12V5AH,Fire Alarm Control Panel Battery - 12V5AH,,Fire Alarm System Products,,45.00 CAD,,45.00,,in stock,1,1,https://teslafiresystems.com/product/fire-alarm-control-panel-battery-12v5ah/
gla_20252,20252,5602A,id,System Sensor | 5602A Mechanical Heat Detector |194°F Fixed Temperature / Rate-of-Rise,System Sensor | 5602A Mechanical Heat Detector |194°F Fixed Temperature / Rate-of-Rise,System Sensor,Fire Alarm System Products,,40.00 CAD,24.35 CAD,40,24.35,in stock,1,1,https://teslafiresystems.com/product/system-sensor-5602a-mechanical-heat-detector-194f-fixed-temperature-rate-of-rise/
gla_22648,22648,,id,Elrm-180-2rc LED Running Man Sign With Adjustable Twin Spot LED Lights (Remote Capable),Elrm-180-2rc LED Running Man Sign With Adjustable Twin Spot LED Lights (Remote Capable),,Exit & Emergency Lighting,,85.00 CAD,80.26 CAD,85,80.26,in stock,1,1,https://teslafiresystems.com/product/elrm-180-2rc-led-running-man-sign-with-adjustable-twin-spot-led-lights-remote-capable/
gla_16950,16950,398X,id,Amerex 398X | 15.5 lb Halotron I | Clean Agent Fire Extinguisher with Wall Bracket | 10B:C,Amerex 398X | 15.5 lb Halotron I | Clean Agent Fire Extinguisher with Wall Bracket | 10B:C,Amerex,"Fire Extinguishers > Amerex, Fire Extinguishers",850026795127,1985.00 CAD,1875.00 CAD,1985,1875,in stock,1,1,https://teslafiresystems.com/product/amerex-398x-15-5-lb-halotron-i-fire-extinguisher-faa-approved/
gla_17535,17535,21032239,id,Kidde Quick Connect Alarm Adapter,Kidde Quick Connect Alarm Adapter,Kidde,"Smoke & Carbon Monoxide Alarm Products > Kidde, Smoke & Carbon Monoxide Alarm Products",047871322398,9.00 CAD,5.50 CAD,9.00,5.50,in stock,1,1,https://teslafiresystems.com/product/kidde-quick-connect-alarm-adapter/
gla_268,268,SF6LK,id,Strike First SF6LK I 6L I UL/ULC Approved I Kitchen Use,Strike First SF6LK I 6L I UL/ULC Approved I Kitchen Use,Strike First,"Fire Extinguishers, Fire Extinguishers > Strike First",6,403.00 CAD,275.00 CAD,403.00,275,in stock,1,1,https://teslafiresystems.com/product/strike-first-sf6lk-6l-ul-ulc-approved-kitchen-use/
gla_18866,18866,1190700R,id,Gunnebo Fire Department Key Box - Keyed for Toronto,Gunnebo Fire Department Key Box - Keyed for Toronto,,Fire Safety Plan Boxes,,450.00 CAD,390.00 CAD,450,390,in stock,1,1,https://teslafiresystems.com/product/gunnable-fire-dept-key-box/
gla_986,986,B385TSX,id,Amerex B385TSX | 2.5 lb Halotron I | Clean Agent Fire Extinguisher with Vehicle Bracket | 2B:C,Amerex B385TSX | 2.5 lb Halotron I | Clean Agent Fire Extinguisher with Vehicle Bracket | 2B:C,Amerex,"Fire Extinguishers > Amerex, Fire Extinguishers",850026795400,650.00 CAD,625.00 CAD,650.0,625,in stock,1,1,https://teslafiresystems.com/product/amerex-b385tsx-2-5-lb-halotron-1-fire-extinguisher-2bc/
gla_1388,1388,MH-S25WA-388,id,Mircom MH-S25WA - Sileanceable Mini Horn (White),Mircom MH-S25WA - Sileanceable Mini Horn (White),Mircom,Fire Alarm System Products,,45.00 CAD,,45,,in stock,1,1,https://teslafiresystems.com/product/mircom-mh-s25wa-sileanceable-mini-horn-white/
gla_22012,22012,807,id,Amerex 807 | 5lb Heavy Duty Vehicle Bracket,Amerex 807 | 5lb Heavy Duty Vehicle Bracket,Amerex,"Fire Extinguishers > Fire Extinguisher Accessories, Fire Extinguishers",,78.45 CAD,,78.45,,in stock,1,1,https://teslafiresystems.com/product/amerex-heavy-duty-vehicle-bracket-4-1-4%E2%80%B3-cylinder-807/
gla_285,285,4-1-4-807-285,id,Amerex Heavy Duty Vehicle Bracket – 4 1/4?? Cylinder (807),Amerex Heavy Duty Vehicle Bracket – 4 1/4? Cylinder (807),Amerex,"Fire Extinguishers > Fire Extinguisher Accessories, Fire Extinguishers",,92.23 CAD,,92.23,,in stock,1,1,https://teslafiresystems.com/product/amerex-807-heavy-duty-steel-bracket-for-5lb-fire-extinguisher/
gla_19630,19630,D4120+DST3,id,System Sensor – D4120 4-Wire Photoelectric Duct Smoke Detector and 3? Sampling Tube,System Sensor – D4120 4-Wire Photoelectric Duct Smoke Detector and 3? Sampling Tube,System Sensor,Smoke & Carbon Monoxide Alarm Products,,350.00 CAD,325.00 CAD,350,325,in stock,1,1,https://teslafiresystems.com/product/system-sensor-d4120-4-wire-photoelectric-duct-smoke-detector/
gla_1735,1735,12V7AH-1735,id,Fire Alarm Control Panel Battery – 12V7AH,Fire Alarm Control Panel Battery – 12V7AH,,Fire Alarm System Products,,45.00 CAD,,45.00,,in stock,1,1,https://teslafiresystems.com/product/fire-alarm-control-panel-battery-12v7ah/
gla_18877,18877,,id,Emergency Fire Blanket | For Fire Suppression & Burn Victim Protection,Emergency Fire Blanket | For Fire Suppression & Burn Victim Protection,,Fire Extinguishers,,650.80 CAD,520.50 CAD,650.80,520.50,in stock,1,1,https://teslafiresystems.com/product/emergency-fire-blanket-for-fire-suppression-burn-victim-protection/
gla_1070,1070,EFEC20EL-1070,id,Fire Extinguisher Cover (With Window) – Fits 10 to 20 lb Extinguishers Medium 25 x 16 1/2,Fire Extinguisher Cover (With Window) – Fits 10 to 20 lb Extinguishers Medium 25 x 16 1/2,TESLA FIRE SYSTEMS,"Fire Extinguishers > Fire Extinguisher Accessories, Fire Extinguishers",7873,69.15 CAD,,69.15,,in stock,1,1,https://teslafiresystems.com/product/fire-extinguisher-cover-with-window-fits-10-to-20-lb-extinguishers-medium-25-x-16-1-2/
gla_18333,18333,TFSPB-W-1-wd,id,Fire Safety Plan Box | Plain White,Fire Safety Plan Box | Plain White,TESLA FIRE SYSTEMS,Fire Safety Plan Boxes,,133.50 CAD,,133.50,,in stock,1,1,https://teslafiresystems.com/product/fire-safety-plan-box-plain-white/
gla_994,994,,id,"Fully Assembled 75' x 1-1/2"" Fire Hose & Rack","Fully Assembled 75' x 1-1/2"" Fire Hose & Rack",,Sprinklers & Hoses,,212.50 CAD,,212.50,,in stock,1,1,https://teslafiresystems.com/product/fully-assembled-1-1-2-fire-hose-rack-w-nozzle-npsh-75-ft-hose/
gla_22670,22670,,id,EL-180-18RCS STEEL LED Emergency Exit Sign Combo (REMOTE CAPABLE),EL-180-18RCS STEEL LED Emergency Exit Sign Combo (REMOTE CAPABLE),,Exit & Emergency Lighting,,117.60 CAD,,117.60,,in stock,1,1,https://teslafiresystems.com/product/el-180-18rcs-steel-led-emergency-exit-sign-combo-remote-capable/
gla_1065,1065,01521-P001-1065,id,Amerex Wall Bracket - 2.5lb/5lb ABC,Amerex Wall Bracket - 2.5lb/5lb ABC,Amerex,"Fire Extinguishers > Fire Extinguisher Accessories, Fire Extinguishers",853,10.00 CAD,,10,,in stock,1,1,https://teslafiresystems.com/product/fork-style-wall-mount-bracket-for-2-5-5-lb-fire-extinguisher/
gla_328,328,15PARAP-50CB,id,"1-1/2"" x 50' Single Jacket Fire Hose - Designed to be Clipped on a Swing Rack","1-1/2"" x 50' Single Jacket Fire Hose - Designed to be Clipped on a Swing Rack",,Sprinklers & Hoses,,131.88 CAD,119.00 CAD,131.88,119.00,in stock,1,1,https://teslafiresystems.com/product/paragon-single-jacket-rack-and-reel-fire-hose-1-1-2-x-50/
gla_1703,1703,SRFE2A,id,Strike First SRFE2A | 2lb ABC | UL/ULC Approved I Residential,Strike First SRFE2A | 2lb ABC | UL/ULC Approved I Residential,Strike First,"Fire Extinguishers, Fire Extinguishers > Strike First",025,52.00 CAD,37.00 CAD,52,37,in stock,1,1,https://teslafiresystems.com/product/strike-first-srfe2a-2lbs-ul-ulc-approved-residential/
gla_326,326,TY-325,id,"Tyco TY325 TY-B Series | Pendent Fire Sprinkler Head | 5.6K - Standard Response - 155°F | Chrome Plated - 1/2"" NPT","Tyco TY325 TY-B Series | Pendent Fire Sprinkler Head | 5.6K - Standard Response - 155°F | Chrome Plated - 1/2"" NPT",Tyco,Sprinklers & Hoses,635902557651,20.00 CAD,15.00 CAD,20,15.00,in stock,1,1,https://teslafiresystems.com/product/sprinkler-head-1-2/
gla_405,405,RLSS-B650,id,Emergency Light Battery 6V5AH,Emergency Light Battery 6V5AH,Maple Armor,Exit & Emergency Lighting,65,25.00 CAD,,25,,in stock,1,1,https://teslafiresystems.com/product/emergency-light-replacement-battery-6v-4ah/
gla_19004,19004,CA27VB,id,ANSUL CLEANGUARD+ 27.75 lb Clean Agent Fire Extinguisher – 20-B:C – Model CA27VB,ANSUL CLEANGUARD+ 27.75 lb Clean Agent Fire Extinguisher – 20-B:C – Model CA27VB,Ansul,"Fire Extinguishers > Ansul, Fire Extinguishers",,2200.00 CAD,2031.00 CAD,2200.00,2031.00,in stock,1,1,https://teslafiresystems.com/product/ansul-cleanguard-27-75-lb-clean-agent-fire-extinguisher-20-bc-model-ca27vb/
gla_1034,1034,B500X3,id,Amerex B500X | 5 lb ABC | Dry Chemical Fire Extinguisher with Wall Bracket | 3 Pack - 3A 10B:C,Amerex B500X | 5 lb ABC | Dry Chemical Fire Extinguisher with Wall Bracket | 3 Pack - 3A 10B:C,Amerex,"Fire Extinguishers > Amerex, Fire Extinguishers",850026795523,252.00 CAD,220.00 CAD,252,220,in stock,1,1,https://teslafiresystems.com/product/amerex-b500x-3-pack-abc-fire-extinguishers-3a-10bc/
gla_1406,1406,FHS-400-RR,id,Mircom FHS-400-RR - Wall Mount LED Horn/Strobe (Red),Mircom FHS-400-RR - Wall Mount LED Horn/Strobe (Red),MIRCOM,Fire Alarm System Products,808221191985,120.00 CAD,,120,,in stock,1,1,https://teslafiresystems.com/product/mircom-fhs-400-rr-wall-mount-led-horn-strobe-red/
gla_17246,17246,401N - 1119,id,Sprinkler Head Cabinet - 6 Heads,"Tyco P/N 1119 | 1/2"" & 3/4"" Fire Sprinkler Head Storage Cabinet | Holds 6 Sprinkler Heads & Wrench",TESLA FIRE SYSTEMS,Sprinklers & Hoses,1111,30.00 CAD,,30,,in stock,1,1,https://teslafiresystems.com/product/sprinkler-head-cabinet-6-heads/
gla_22629,22629,,id,Elrm-180-18rcs LED Steel Running Man Sign With Adjustable Twin Spot LED Lights (Remote Capable),Elrm-180-18rcs LED Steel Running Man Sign With Adjustable Twin Spot LED Lights (Remote Capable),,Exit & Emergency Lighting,,110.00 CAD,99.99 CAD,110,99.99,in stock,1,1,https://teslafiresystems.com/product/elrm-180-18rcs-led-steel-running-man-sign-with-adjustable-twin-spot-led-lights-remote-capable/
gla_22032,22032,332,id,Amerex 332 | 20 lb CO2 | Fire Extinguisher with Wall Bracket | 10B:C,Amerex 332 | 20 lb CO? | Fire Extinguisher with Wall Bracket | 10B:C,Amerex,Carbon Dioxide,,979.80 CAD,596.00 CAD,979.8,596,in stock,1,1,https://teslafiresystems.com/product/amerex-332-20-lb-co2-fire-extinguisher/
gla_392,392,EL-7030A5,id,Single LED Emergency Light Remote Head - 6-24V5W,Single LED Emergency Light Remote Head - 6-24V5W,Maple Armor,Exit & Emergency Lighting,1101,35.00 CAD,,35,,in stock,1,1,https://teslafiresystems.com/product/single-emergency-remote/
gla_21246,21246,1046728,id,BRK SM200 Battery Operated Smoke Alarm,BRK SM200 Battery Operated Smoke Alarm,BRK,Smoke Alarms,,200.00 CAD,,200,,in stock,1,1,https://teslafiresystems.com/product/brk-sm200-battery-operated-smoke-alarm/
gla_970,970,21032772,id,Kidde DETECT - Battery Operated Photoelectric Smoke & CO w/[[10 Year Sealed Battery & Voice Alerts]] (30CUD10-VCA),Kidde DETECT - Battery Operated Photoelectric Smoke & CO w/[[10 Year Sealed Battery & Voice Alerts]] (30CUD10-VCA),Kidde,"Smoke & Carbon Monoxide Alarm Products > Kidde, Smoke & Carbon Monoxide Alarm Products",,80.58 CAD,77.99 CAD,80.58,77.99,in stock,1,1,https://teslafiresystems.com/product/kidde-detect-battery-operated-smoke-co-10-year-sealed-battery/
gla_443,443,FBR2-443,id,Wool Fire Blanket,Wool Fire Blanket,TESLA FIRE SYSTEMS,Fire Protection Products,,109.76 CAD,,109.76,,in stock,1,1,https://teslafiresystems.com/product/wool-fire-blanket/
p4010acledsca,22130,P4010ACLEDSCA,gtin,Kidde P4010ACLEDSCA | 120v Hardwired Smoke Alarm with LED Strobe | [[10-Year Battery Backup & Voice Alerts]],Kidde P4010ACLEDSCA | 120v Hardwired Smoke Alarm with LED Strobe | [[10-Year Battery Backup & Voice Alerts]],Kidde,"Smoke & Carbon Monoxide Alarm Products > Kidde, Smoke Alarms",00047871268221,250.00 CAD,125.00 CAD,250,125,in stock,1,1,https://teslafiresystems.com/product/kidde-p4010acledsca-120v-hardwired-smoke-alarm-with-led-strobe-voice-alert-10-year-battery-backup/
gla_290,290,C-100,id,5lb Surface Mounted Steel Fire Extinguisher Cabinet - White,5lb Surface Mounted Steel Fire Extinguisher Cabinet - White,The Williams Brother Corporation,"Fire Extinguishers > Fire Extinguisher Accessories, Fire Extinguishers",190735481837,102.00 CAD,67.00 CAD,102,67,in stock,1,1,https://teslafiresystems.com/product/metal-extinguisher-cabinet/
gla_422,422,NL109,id,"Vinyl Fire Extinguisher Sign - Peel & Stick (4"" x 12"")","Vinyl Fire Extinguisher Sign - Peel & Stick (4"" x 12"")",TESLA FIRE SYSTEMS,"Fire Extinguishers > Fire Extinguisher Accessories, Fire Extinguishers",,10.00 CAD,,10,,in stock,1,1,https://teslafiresystems.com/product/fire-extinguisher-sign-plastic/
gla_252,252,715x,id,Amerex 715X Z-Series | 30 lb ABC | Dry Chemical Fire Extinguisher with Wall Bracket | 20A 120B:C,Amerex 715X Z-Series | 30 lb ABC | Dry Chemical Fire Extinguisher with Wall Bracket | 20A 120B:C,Amerex,"Fire Extinguishers > Amerex, Fire Extinguishers",685744208952,805.00 CAD,755.00 CAD,805,755,in stock,1,1,https://teslafiresystems.com/product/amerex-715x-30-lb-abc-z-series-fire-extinguisher-20a-120bc/
gla_1027,1027,SF-310-3,id,STRIKE FIRST SF-ABC310 | 5lb ABC Multi-Purpose Fire Extinguisher w/ Wall Bracket (3-Pack),STRIKE FIRST SF-ABC310 | 5lb ABC Multi-Purpose Fire Extinguisher w/ Wall Bracket (3-Pack),Strike First,"Fire Extinguishers, Fire Extinguishers > Strike First",0503,198.50 CAD,143.75 CAD,198.50,143.75,in stock,1,1,https://teslafiresystems.com/product/strike-first-sf-abc310-5lb-multi-purpose-fire-extinguisher-w-wall-bracket-3-pack/
gla_354,354,SM120X,id,Kidde SM120X - Smoke Alarm Relay,Kidde SM120X - Smoke Alarm Relay,Kidde,"Smoke & Carbon Monoxide Alarm Products > Kidde, Smoke & Carbon Monoxide Alarm Products",047870001231,57.00 CAD,45.00 CAD,57,45,in stock,1,1,https://teslafiresystems.com/product/smoke-alarm-relay-sm120x/
gla_22613,22613,,id,El-7008ma Edge-lit LED Running Man Sign – Aluminum,El-7008ma Edge-lit LED Running Man Sign – Aluminum,,Exit & Emergency Lighting,,80.00 CAD,76.63 CAD,80,76.63,in stock,1,1,https://teslafiresystems.com/product/el-7008ma-edge-lit-led-running-man-sign-aluminum/
gla_420,420,BKB-420,id,Keyed Lock for Fire Alarm Panels,Keyed Lock for Fire Alarm Panels,TESLA FIRE SYSTEMS,Fire Protection Products,5036140235236,32.00 CAD,29.00 CAD,32,29,in stock,1,1,https://teslafiresystems.com/product/keyed-lock-for-fire-alarm-panels/
gla_222,222,B417TX,id,Amerex B417TX | 2.5 lb ABC | Dry Chemical Fire Extinguisher with Vehicle Bracket | 1A 10B:C,Amerex B417TX | 2.5 lb ABC | Dry Chemical Fire Extinguisher with Vehicle Bracket | 1A 10B:C,Amerex,"Fire Extinguishers > Amerex, Fire Extinguishers",850026795240,84.50 CAD,70.65 CAD,84.50,70.65,in stock,1,1,https://teslafiresystems.com/product/amerex-b417tx-2-5-lb-abc-dry-chemical-fire-extinguisher/
gla_330,330,15PARAP-75CB,id,"1-1/2"" x 75' Single Jacket Fire Hose - Designed to be Clipped on a Swing Rack","1-1/2"" x 75' Single Jacket Fire Hose - Designed to be Clipped on a Swing Rack",,Sprinklers & Hoses,,144.07 CAD,129.00 CAD,144.07,129.00,in stock,1,1,https://teslafiresystems.com/product/paragon-single-jacket-rack-and-reel-fire-hose-1-1-2-x-75/
gla_20208,20208,TFS-10520-R,id,20lb Surface Mounted Plastic Fire Extinguisher Cabinet - Red,20lb Surface Mounted Plastic Fire Extinguisher Cabinet - Red,Tesla Fire Systems Inc,Fire Extinguishers,694824144615,153.00 CAD,133.00 CAD,153,133,in stock,1,1,https://teslafiresystems.com/product/red-20lb-plastic-cabinets/
gla_22014,22014,818,id,Amerex 818 | 5lb Wrap Around Vehicle Bracket,Amerex 818 | 5lb Wrap Around Vehicle Bracket,Amerex,"Fire Extinguishers > Fire Extinguisher Accessories, Fire Extinguishers",,24.98 CAD,,24.98,,in stock,1,1,https://teslafiresystems.com/product/amerex-vehicle-bracket-5lb-abc-818/
gla_17897,17897,DD4120-ST15-17897,id,System Sensor - D4120 4-Wire Photoelectric Duct Smoke Detector and 1.5' Sampling Tube,System Sensor - D4120 4-Wire Photoelectric Duct Smoke Detector and 1.5' Sampling Tube,System Sensor,"Fire Alarm System Products, Smoke & Carbon Monoxide Alarm Products",783863034411,290.00 CAD,265.00 CAD,290,265,in stock,1,1,https://teslafiresystems.com/product/system-sensor-d4120-4-wire-photoelectric-duct-smoke-detector-with-1-5-sampling-tube-exhausting-tube-operates-on-24v-fire-alarm-and-120v-furnace-shutdown/
gla_398,398,STI-9641,id,Emergency Light Guard,Emergency Light Guard,STI-SAFETY TECHNOLOGY INTERNATIONAL,Exit & Emergency Lighting,9641,44.00 CAD,,44,,in stock,1,1,https://teslafiresystems.com/product/emergency-light-guard/
gla_22028,22028,810,id,Amerex 810 | 20 Lb Heavy Duty Vehicle Bracket,Amerex 810 | 20 Lb Heavy Duty Vehicle Bracket,Amerex,Fire Extinguishers > Fire Extinguisher Accessories,850026795547,97.04 CAD,,97.04,,in stock,1,1,https://teslafiresystems.com/product/amerex-heavy-duty-vehicle-bracket-7-cylinder-810-2/
gla_19005,19005,CA13VB,id,ANSUL CLEANGUARD+ 13 lb Clean Agent Fire Extinguisher – 10-B:C – Model CA13VB,ANSUL CLEANGUARD+ 13 lb Clean Agent Fire Extinguisher – 10-B:C – Model CA13VB,,"Fire Extinguishers > Ansul, Fire Extinguishers",,1400.00 CAD,1230.00 CAD,1400,1230,in stock,1,1,https://teslafiresystems.com/product/ansul-cleanguard-13-lb-clean-agent-fire-extinguisher-10-bc-model-ca13vb/
gla_22024,22024,415,id,Amerex 415 Purple K | 20 lb BC Brass Valve | Dry Chemical Fire Extinguisher with Wall Bracket | 120B:C,Amerex 415 Purple K | 20 lb BC Brass Valve | Dry Chemical Fire Extinguisher with Wall Bracket | 120B:C,Amerex,"BC, Fire Extinguishers",,497.05 CAD,,497.05,,in stock,1,1,https://teslafiresystems.com/product/amerex-415-20-lb-brass-valve-purple-k-fire-extinguisher/
gla_235,235,C260X,id,Amerex C260X | 6 Litre Type K | Wet Chemical Fire Extinguisher with Wall Bracket & Signage | 2A K,Amerex C260X | 6 Litre Type K | Wet Chemical Fire Extinguisher with Wall Bracket & Signage | 2A K,Amerex,"Fire Extinguishers > Amerex, Fire Extinguishers",850026795066,320.00 CAD,285.00 CAD,320.00,285,in stock,1,1,https://teslafiresystems.com/product/amerex-c260x-6-litre-type-k-fire-extinguisher-2a-k/
gla_19316,19316,,id,Compact Wrench for Storz Fire Hose Coupling - 1?? to 3??,Compact Wrench for Storz Fire Hose Coupling - 1? to 3?,Storz,Sprinklers & Hoses,,200.00 CAD,,200,,in stock,1,1,https://teslafiresystems.com/product/compact-wrench-for-storz-fire-hose-coupling-1%E2%80%B3-to-3%E2%80%B3/
gla_22634,22634,,id,Elrm-180 LED Running Man Combo,Elrm-180 LED Running Man Combo,,Exit & Emergency Lighting,,300.00 CAD,119.00 CAD,300,119,in stock,1,1,https://teslafiresystems.com/product/elrm-180-led-running-man-combo/
gla_1008,1008,WFD20N,id,"System Sensor WFD20 | Waterflow Detector for 2"" Steel Sprinkler Pipe | NEMA 4 Rated - UL/FM Approved","System Sensor WFD20 | Waterflow Detector for 2"" Steel Sprinkler Pipe | NEMA 4 Rated - UL/FM Approved",System Sensor,Sprinklers & Hoses,783850020163,250.00 CAD,230.00 CAD,250,230,in stock,1,1,https://teslafiresystems.com/product/system-sensor-wfd20-waterflow-detector-2-inch/
gla_385,385,SL-E6-36,id,Combination Exit LED Sign / Emergency Lighting,Combination Exit LED Sign / Emergency Lighting,Beluce (Beghelli),Exit & Emergency Lighting,636,147.00 CAD,,147,,in stock,1,1,https://teslafiresystems.com/product/combination-exit-led-sign-emergency-lighting/
gla_17255,17255,C270,id,Amerex C270 | 6 Litre (1.75 Gal) | Deionized Water Mist Fire Extinguisher with Non-Metallic Wall Bracket| 2A:C,Amerex C270 | 6 Litre (1.75 Gal) | Deionized Water Mist Fire Extinguisher with Non-Metallic Wall Bracket| 2A:C,Amerex,"Fire Extinguishers > Amerex, Fire Extinguishers",400017862736,475.00 CAD,420.00 CAD,475,420,in stock,1,1,https://teslafiresystems.com/product/amerex-c270-6-litre-water-mist-fire-extinguisher-2ac/
gla_22026,22026,693X,id,Amerex 693X Purple K | 30 lb Brass Valve | Dry Chemical Fire Extinguisher with Wall Bracket | 120B:C,Amerex 693X Purple K | 30 lb Brass Valve | Dry Chemical Fire Extinguisher with Wall Bracket | 120B:C,Amerex,Fire Extinguishers,,780.00 CAD,693.00 CAD,780.0,693.0,in stock,1,1,https://teslafiresystems.com/product/amerex-693x-30-lb-brass-valve-purple-k-fire-extinguisher/
gla_19313,19313,R-15-18,id,"Heavy-Duty Swing-Type Fire Hose Reel |Wall-Mounted | Reel Only | For 1 1/2"" x 50'/75' Single Jacket Fire Hose","Heavy-Duty Swing-Type Fire Hose Reel |Wall-Mounted | Reel Only | For 1 1/2"" x 50'/75' Single Jacket Fire Hose",,Sprinklers & Hoses,,200.00 CAD,,200,,in stock,1,1,https://teslafiresystems.com/product/heavy-duty-swing-type-fire-hose-reel-wall-mounted-1-1-2-x-50-75-100/
gla_343,343,,id,Brass Cap,Brass Cap,,Sprinklers & Hoses,,59.00 CAD,52.80 CAD,59,52.80,in stock,1,1,https://teslafiresystems.com/product/brass-cap-2/
gla_22686,22686,,id,El-7030a Universal 1.5w LED Emergency Remote Head (3.6-24v),El-7030a Universal 1.5w LED Emergency Remote Head (3.6-24v),,Exit & Emergency Lighting,,25.00 CAD,,25,,in stock,1,1,https://teslafiresystems.com/product/el-7030a-universal-1-5w-led-emergency-remote-head-3-6-24v/
gla_1038,1038,E-FEC-5-1038,id,"Fire Extinguisher Cover (Window) for 2.5 to 5lb Extinguisher (16"" x 11"")","Fire Extinguisher Cover (Window) for 2.5 to 5lb Extinguisher (16"" x 11"")",TESLA FIRE SYSTEMS,"Fire Extinguishers > Fire Extinguisher Accessories, Fire Extinguishers",7872,38.55 CAD,,38.55,,in stock,1,1,https://teslafiresystems.com/product/fire-extinguisher-cover-window-for-2-5-to-5lb-extinguisher/
gla_381,381,VE2-RM-SP-L-U-OLR-M,id,Running Man LED Sign,Running Man LED Sign,Beluce (Beghelli),Exit & Emergency Lighting,884685347779,75.00 CAD,,75,,in stock,1,1,https://teslafiresystems.com/product/running-man-led-sign/
gla_250,250,B570x,id,Amerex B570X | 30 lb Class D | Sodium Chloride Fire Extinguisher with Wall Bracket,Amerex B570X | 30 lb Class D | Sodium Chloride Fire Extinguisher with Wall Bracket,Amerex,"Fire Extinguishers > Amerex, Fire Extinguishers",850026795073,1400.00 CAD,1395.00 CAD,1400,1395.00,in stock,1,1,https://teslafiresystems.com/product/amerex-b570x-30-lb-class-d-fire-extinguisher/
gla_22666,22666,,id,El-100wp Compact LED Wet Location Exit Sign,El-100wp Compact LED Wet Location Exit Sign,,Exit & Emergency Lighting,,170.00 CAD,140.00 CAD,170,140,in stock,1,1,https://teslafiresystems.com/product/el-100wp-compact-led-wet-location-exit-sign/
gla_16890,16890,397X,id,Amerex 397X | 11 lb Halotron I | Clean Agent Fire Extinguisher with Wall Bracket | 10B:C,Amerex 397X | 11 lb Halotron I | Clean Agent Fire Extinguisher with Wall Bracket | 10B:C,Amerex,"Fire Extinguishers > Amerex, Fire Extinguishers",850026795165,1700.00 CAD,1330.00 CAD,1700,1330,in stock,1,1,https://teslafiresystems.com/product/amerex-397x-11-lb-halotron-i-fire-extinguisher-faa-approved/
gla_17260,17260,C272,id,Amerex C272 | 9 Litre (2.5 Gal) | Deionized Water Mist Fire Extinguisher with Non-Metallic Wall Bracket | 2A:C,Amerex C272 | 9 Litre (2.5 Gal) | Deionized Water Mist Fire Extinguisher with Non-Metallic Wall Bracket | 2A:C,Amerex,"Fire Extinguishers > Amerex, Fire Extinguishers",850026795363,500.00 CAD,450.00 CAD,500.00,450,in stock,1,1,https://teslafiresystems.com/product/amerex-c272-9-litre-water-mist-fire-extinguisher-2ac/
gla_19009,19009,TFS-1055-W,id,5lb Surface Mounted Plastic Fire Extinguisher Cabinet - White,5lb Surface Mounted Plastic Fire Extinguisher Cabinet - White,Tesla Fire Systems Inc,Fire Extinguishers,990312860440,95.00 CAD,65.00 CAD,95,65,in stock,1,1,https://teslafiresystems.com/product/white-5lb-plastic-cabinets/
gla_22675,22675,,id,El-7007rx-180 LED Emergency Exit Sign,El-7007rx-180 LED Emergency Exit Sign,,Exit & Emergency Lighting,,300.00 CAD,,300,,in stock,1,1,https://teslafiresystems.com/product/el-7007rx-180-led-emergency-exit-sign/
gla_312,312,UP5MD-312,id,Strike First 5lb ABC Medium Duty Fire Extinguisher Bracket - UP5MD,Strike First 5lb ABC Medium Duty Fire Extinguisher Bracket - UP5MD,Strike First,"Fire Extinguishers > Fire Extinguisher Accessories, Fire Extinguishers",,26.90 CAD,,26.9,,in stock,1,1,https://teslafiresystems.com/product/strike-first-5lb-abc-medium-duty-fire-extinguisher-bracket-up5hd/
gla_22704,22704,,id,"El-7062s5 Emergency Battery Backup Unit (95w, Remote Capable)","El-7062s5 Emergency Battery Backup Unit (95w, Remote Capable)",,Exit & Emergency Lighting,,175.00 CAD,167.99 CAD,175,167.99,in stock,1,1,https://teslafiresystems.com/product/el-7062s5-emergency-battery-backup-unit-95w-remote-capable/
gla_22690,22690,,id,El-7030bwp Weatherproof Double LED Remote Head (Universal Voltage),El-7030bwp Weatherproof Double LED Remote Head (Universal Voltage),,Exit & Emergency Lighting,,41.67 CAD,,41.67,,in stock,1,1,https://teslafiresystems.com/product/el-7030bwp-weatherproof-double-led-remote-head-universal-voltage/
gla_1233,1233,NLRP109,id,"Aluminum Fire Extinguisher Sign - (4"" x 18"")","Aluminum Fire Extinguisher Sign - (4"" x 18"")",TESLA FIRE SYSTEMS,"Fire Extinguishers > Fire Extinguisher Accessories, Fire Extinguishers",14801,31.45 CAD,,31.45,,in stock,1,1,https://teslafiresystems.com/product/aluminum-fire-extinguisher-sign-4-x-18/
gla_394,394,EL-7012,id,Emergency Light Pack 36 Watt Output,Emergency Light Pack 36 Watt Output,Mircom,Exit & Emergency Lighting,7012,99.00 CAD,,99,,in stock,1,1,https://teslafiresystems.com/product/emergency-light-pack-36-watt-output/
gla_20209,20209,TFS-10520-W,id,20lb Surface Mounted Plastic Fire Extinguisher Cabinet - White,20lb Surface Mounted Plastic Fire Extinguisher Cabinet - White,Tesla Fire Systems Inc,Fire Extinguishers,762262997831,153.00 CAD,133.00 CAD,153,133,in stock,1,1,https://teslafiresystems.com/product/20lb-surface-mounted-plastic-fire-extinguisher-cabinet-white/
gla_22030,22030,331,id,Amerex 331 | 15 lb CO2 | Fire Extinguisher with Wall Bracket | 10B:C,Amerex 331 | 15 lb CO? | Fire Extinguisher with Wall Bracket | 10B:C,Amerex,Carbon Dioxide,,786.35 CAD,479.00 CAD,786.35,479,in stock,1,1,https://teslafiresystems.com/product/amerex-331-15-lb-co2-fire-extinguisher/
gla_22646,22646,,id,Elrm-100 LED Running Man Sign,Elrm-100 LED Running Man Sign,,Exit & Emergency Lighting,,80.00 CAD,71.98 CAD,80,71.98,in stock,1,1,https://teslafiresystems.com/product/elrm-100-led-running-man-sign/
gla_22654,22654,,id,El-7008ra-nyc Aluminum Edge-lit LED Exit Sign,El-7008ra-nyc Aluminum Edge-lit LED Exit Sign,,Exit & Emergency Lighting,,80.00 CAD,76.09 CAD,80,76.09,in stock,1,1,https://teslafiresystems.com/product/el-7008ra-nyc-aluminum-edge-lit-led-exit-sign/
gla_17273,17273,SF-5CO2,id,Strike First 5lb CO2 | UL/ULC Approved | USCG Approved,Strike First 5lb CO2 | UL/ULC Approved | USCG Approved,Strike First,"Fire Extinguishers, Fire Extinguishers > Strike First",627146146180,285.00 CAD,194.75 CAD,285,194.75,in stock,1,1,https://teslafiresystems.com/product/strike-first-5lb-co2-fire-extinguisher/
gla_233,233,B402TXC,id,Amerex B402TXC | 5 lb ABC | Dry Chemical Fire Extinguisher with Vehicle Bracket | 3A 40B:C - Chrome,Amerex B402TXC | 5 lb ABC | Dry Chemical Fire Extinguisher with Vehicle Bracket | 3A 40B:C - Chrome,Amerex,"Fire Extinguishers > Amerex, Fire Extinguishers",0603813205749,499.00 CAD,271.80 CAD,499,271.80,in stock,1,1,https://teslafiresystems.com/product/amerex-b402txc-5-lb-chrome-abc-fire-extinguisher-3a-40bc/
gla_1003,1003,WFD60N,id,"System Sensor WFD60 | Waterflow Detector for 6"" Steel Sprinkler Pipe | NEMA 4 Rated - UL/FM Approved","System Sensor WFD60 | Waterflow Detector for 6"" Steel Sprinkler Pipe | NEMA 4 Rated - UL/FM Approved",System Sensor,Sprinklers & Hoses,783850060169,250.00 CAD,230.00 CAD,250,230,in stock,1,1,https://teslafiresystems.com/product/system-sensor-wfd60-waterflow-detector-6-inch/
gla_1031,1031,T-ERHC75,id,Vinyl Cover for 75' Fire Hose - Assembled on a Swing Rack,Vinyl Cover for 75' Fire Hose - Assembled on a Swing Rack,TESLA FIRE SYSTEMS,Sprinklers & Hoses,990312860402,51.00 CAD,49.00 CAD,51,49,in stock,1,1,https://teslafiresystems.com/product/1031/
gla_260,260,B386TX,id,Amerex B386TX | 5 lb Halotron1 | Clean Agent Fire Extinguisher with Vehicle Bracket | 5B:C,Amerex B386TX | 5 lb Halotron1 | Clean Agent Fire Extinguisher with Vehicle Bracket | 5B:C,Amerex,"Fire Extinguishers > Amerex, Fire Extinguishers",850026795226,820.00 CAD,790.00 CAD,820,790,in stock,1,1,https://teslafiresystems.com/product/amerex-b386tx-5-lb-halotron-1-fire-extinguisher-5bc/
gla_22682,22682,,id,El-7030awp Weatherproof Single LED Remote Head (Universal Voltage),El-7030awp Weatherproof Single LED Remote Head (Universal Voltage),,Exit & Emergency Lighting,,35.00 CAD,32.68 CAD,35,32.68,in stock,1,1,https://teslafiresystems.com/product/el-7030awp-weatherproof-single-led-remote-head-universal-voltage/
gla_21247,21247,SM610A,id,BRK SM610A Series [[10-Year Sealed Battery]] Smoke Alarm - Slim Profile,BRK SM610A Series [[10-Year Sealed Battery]] Smoke Alarm - Slim Profile,BRK,Smoke Alarms,,45.00 CAD,38.50 CAD,45,38.50,in stock,1,1,https://teslafiresystems.com/product/brk-sm210-series-10-year-sealed-battery-smoke-alarm-slim-profile/
gla_17249,17249,TSFW-15,id,Sprinkler Wrench for 1/2” Heads,Sprinkler Wrench for 1/2” Heads,TESLA FIRE SYSTEMS,Sprinklers & Hoses,560006387,185.00 CAD,126.40 CAD,185.00,126.40,in stock,1,1,https://teslafiresystems.com/product/sprinkler-head-wrench-for-1-2/
gla_22659,22659,,id,El-7007rx-nyc LED Emergency Exit Sign,El-7007rx-nyc LED Emergency Exit Sign,,Exit & Emergency Lighting,,97.40 CAD,,97.40,,in stock,1,1,https://teslafiresystems.com/product/el-7007rx-nyc-led-emergency-exit-sign/
gla_17717,17717,,id,Emergency Exit – Unlocked by Fire Alarm | Vinyl Adhesive Safety Label,Emergency Exit – Unlocked by Fire Alarm | Vinyl Adhesive Safety Label,,Signs,,6.00 CAD,,6,,in stock,1,1,https://teslafiresystems.com/product/emergency-exit-unlocked-by-fire-alarm-vinyl-adhesive-safety-label/
gla_19002,19002,CA03VB,id,ANSUL CLEANGUARD+ 3.5 lb Clean Agent Fire Extinguisher – 2-B:C – Model CA03VB,ANSUL CLEANGUARD+ 3.5 lb Clean Agent Fire Extinguisher – 2-B:C – Model CA03VB,ANSUL,"Fire Extinguishers > Ansul, Fire Extinguishers",,475.00 CAD,439.00 CAD,475,439,in stock,1,1,https://teslafiresystems.com/product/ansul-cleanguard-3-5-lb-clean-agent-fire-extinguisher-ca03vb/
